:020000040800F2
:10000000300D01201D030008F38B00080F5F00086E
:1000100041680008952B0008D5EF0008000000009B
:10002000000000000000000000000000E5A600083D
:10003000A533000800000000A98C000899AE000854
:1000400037030008370300083703000837030008A8
:100050003703000837030008A7330008B53300084A
:10006000BB330008370300083703000837030008D4
:100070003703000837030008370300083703000878
:100080003703000837030008370300083703000868
:100090003703000837030008370300083703000858
:1000A0003703000837030008370300083703000848
:1000B0003703000837030008370300083703000838
:1000C0003703000837030008370300083703000828
:1000D0003703000837030008370300083703000818
:1000E000AD33000837030008370300083703000862
:1000F00037030008370300083703000837030008F8
:1001000037030008370300083703000837030008E7
:1001100037030008370300083703000837030008D7
:1001200037030008370300083703000837030008C7
:1001300037030008370300083703000837030008B7
:10014000370300083703000837030008158C000840
:100150003703000837030008370300083703000897
:100160003703000837030008370300083703000887
:1001700037030008370300083703000800000000B9
:10018000370300083703000800F002F800F0B6F863
:100190000AA090E8000C82448344AAF10107DA45E2
:1001A00001D100F0ABF8AFF2090EBAE80F0013F07E
:1001B000010F18BFFB1A43F0010318479401010017
:1001C000B40101000A444FF0000C10F8013B13F099
:1001D000070408BF10F8014B1D1108BF10F8015BA0
:1001E000641E05D010F8016B641E01F8016BF9D193
:1001F00013F0080F1EBF10F8014BAD1C0C1B09D1EA
:100200006D1E58BF01F801CBFAD505E014F8016B5B
:1002100001F8016B6D1EF9D59142D6D370470000ED
:100220000023002400250026103A28BF78C1FBD8FF
:10023000520728BF30C148BF0B6070476E2900F0DD
:100240001383702900F05D8466290FF060876529AB
:100250000FF05D8767290FF05A8761290FF05987E2
:1002600003681B0A28BF41F08001692900F0C082A1
:10027000642900F0BD82752900F0BA826F2900F070
:10028000EA83782900F02984E92900F08583E429AC
:1002900000F08283F52900F07F83EF2900F0E783E7
:1002A000F82900F028840368DB0928BF41F08001A9
:1002B000632901F04D81732901F05281E32901F096
:1002C0005D81F32901F06281002070471FB50FF0B6
:1002D0002BFE9DE8030000F0E7F901F0B1F90400FE
:1002E000002000210FF026FD401C6060002000214E
:1002F0000FF00AFDE0601FBD10B510BD01F072F9EE
:100300001146FFF7E3FF0FF09FFB01F04FFA03B434
:10031000FFF7F2FF03BC01F07FFA000009488047B5
:1003200009480047FEE7FEE7FEE7FEE7FEE7FEE7D7
:10033000FEE7FEE7FEE7FEE704480549054A064BEF
:1003400070470000C5AF00088901000830AD0020EB
:10035000300D012030DD002030DD002070B5064674
:1003600000F086F9056806F10B0020F00704B4429E
:100370009CBF002070BD2B466A68BAB11068A042CD
:1003800010D304F1080188423CBF5068586007D37D
:100390005168101941601168091B016058601460B0
:1003A000101D70BD13465268002AE7D12146284629
:1003B00000F066F90028DED170BD70B50446051F57
:1003C00000F056F90068002C14BF446870BD002C82
:1003D00018BFAC423CBF20466468F8D301680A18D5
:1003E000AA4218BF456003D12A680546114401603E
:1003F00028684119A1421CBF6C6070BD61686960CA
:1004000021680844286070BD53EA020C00F069803E
:100410002DE9F04B4FF00006002B1FBFB3FA83F518
:1004200003FA05F424FA05F65E4012BF1643B2FA49
:1004300082F502FA05F4C5F120051EBF22FA05FC7B
:1004400044EA0C04203556EA044C4FEA144418BF21
:10045000641C4FF000084FF00009904271EB030C50
:1004600039D3002919BFB1FA81F701FA07F6B0FABA
:1004700080F700FA07F6C7F120071EBF20FA07FC35
:1004800046EA0C062037B6FBF4FCA7EB0507103F45
:1004900007F01F0BCBF120060CFA0BFB2CFA06F62B
:1004A00044BFB3460026202FA4BF5E464FF0000B8A
:1004B0005BEA060C08BF4FF0010B19EB0B09ABFB15
:1004C000027C48EB0608C01B06FB02CC0BFB03CCEE
:1004D00071EB0C01C1E70B46024641464846BDE8B8
:1004E000F08B13B54FF000004FF00001AFF3008028
:1004F000BDE81C40704700007CB51D4616460C0048
:10050000009001D02044401E074B7B442A46694698
:100510000190304600F0C1F905461CB10020694643
:1005200000F0CEF928467CBDBD030000032A40F24E
:10053000308010F0030C00F0158011F8013BBCF185
:10054000020F624498BF11F801CB00F8013B38BF9D
:1005500011F8013BA2F1040298BF00F801CB38BFAB
:1005600000F8013B11F0030300F02580083AC0F0C9
:10057000088051F8043B083A51F804CBA0E8081071
:10058000F5E7121D5CBF51F8043B40F8043BAFF3A4
:100590000080D20724BF11F8013B11F801CB48BFFE
:1005A00011F8012B24BF00F8013B00F801CB48BF34
:1005B00000F8012B704710B5203AC0F00B80B1E86D
:1005C0001850203AA0E81850B1E81850A0E8185088
:1005D000BFF4F5AF5FEA027C24BFB1E81850A0E891
:1005E000185044BF18C918C0BDE810405FEA827CAB
:1005F00024BF51F8043B40F8043B08BF7047D207C2
:1006000028BF31F8023B48BF11F8012B28BF20F862
:10061000023B48BF00F8012B70474FF0000200B5C5
:10062000134694469646203922BFA0E80C50A0E815
:100630000C50B1F12001BFF4F7AF090728BFA0E8C3
:100640000C5048BF0CC05DF804EB890028BF40F88F
:10065000042B08BF704748BF20F8022B11F0804FD1
:1006600018BF00F8012B70477047704770470000B3
:1006700000487047D8AC00207047704770477047FB
:1006800038B504460A4600206946AFF300800028CA
:1006900008BF38BD02460099204600F009FB012042
:1006A00038BD012000F096BFF8B5AFF300800546D5
:1006B00000200C46102000BF0646A819A0420DD904
:1006C000324669460020AFF30080070008BF00F003
:1006D00081FF0098A04218BF0546C419FFF7C8FF64
:1006E00005600746F01D20F007004619284600F077
:1006F0000AF8B44208BFF8BDA21B31463868BDE80D
:10070000F84000F0D5BA00210160C0E9011070473F
:100710001020704710B500F0C7FA006810BD10B582
:10072000044600F0C1FA046010BD70B50446856946
:100730000068C10601D5302600E02026C00707D09A
:1007400070BDD4E9012130469047206A401C2062E8
:100750006D1EF6D570BD70B5044685690078C0077A
:1007600007D170BDD4E9012120209047206A401CA8
:1007700020626D1EF6D570BD09684A0501D540B2EC
:100780007047C905FCD500B2704709684A0501D514
:10079000C0B27047C905FCD580B2704770B50C4631
:1007A0000546012A05D02878800600D5EA6900238D
:1007B00002E0012305E05B1C934202D2E05C0028CA
:1007C000F9D1A869E618C01AA861286A18442862F5
:1007D0002846FFF7AAFF04E0D5E9012114F8010B30
:1007E0009047B442F8D32846FFF7B5FF70BD00002C
:1007F0002DE9F0410646002410687529314616A5FA
:1008000010D0FFF7B9FF002802DA404213A507E035
:1008100031688A0701D512A502E0490704D511A560
:10082000012401E0FFF7B1FF00210A2206F12407AD
:1008300009E0B0FBF2FCB0FBF2F302FB1C0030302D
:1008400078541846491C0028F3D123462A463046DE
:10085000BDE8F04100F08BBA000000002D00000060
:100860002B0000002000000011680268006A530598
:1008700001D508700AE0D30501D5088006E013060B
:1008800003D5C217C1E9000200E0086001207047EB
:1008900001694A1C02610878704700B58FB0CDE944
:1008A00001310021059105497944CDE90310114634
:1008B000684600F031F90FB000BD0000E5FFFFFF12
:1008C0000A6802F8010B0A607047D1E900239A42D6
:1008D00002D2531C0B601070704700002DE9FF5FBF
:1008E00015468A460446DFF8AC80F8440027D8E96C
:1008F00000103E46CDE9001010E03AF816106A46A6
:1009000002A800F047FE411C07D02178890603D5D4
:10091000E269391891420DD80744761C2078800688
:1009200002D5E069B84205DDAE42E6DB3AF81600D2
:100930000028E2D1A069C01BA0612046FFF7F5FEA8
:10094000D8E90010CDE90010002017E03AF818109F
:100950006A4602A800F01EFEB0F1FF3F81460BD0B0
:1009600000250DF1080B05E0D4E901211BF8050075
:1009700090476D1C4D45F7D308F10100B042804609
:10098000E4DB206A384420622046FFF7E4FEBDE83D
:10099000FF9F000042F800002DE9F0418046D21D83
:1009A00022F007020025D2E90002F52915A614D08D
:1009B000011E72F1000106DA0023D0EB030063EBA5
:1009C000020211A608E0D8F800108B0701D50FA687
:1009D00002E0490701D50EA601251146002408F1C1
:1009E000240704E000F07EF930323A55641C50EAE6
:1009F0000102F7D12B46324621464046BDE8F04180
:100A000000F0B5B9000000002D0000002B00000030
:100A10002000000030B4002100F1240408E002F0BE
:100A20000705D208303542EA4372DB086554491C99
:100A300052EA0305F3D10468002310A2250707D565
:100A4000A40600D421B1C46901230DA2641EC461AF
:100A500030BC00F08CB910B5044621461068FFF791
:100A600094FE02462046BDE810400023D2E7D21D86
:100A700022F00701D1E90023CCE7000000000000CC
:100A800030000000F0B40D460188090502D5214C64
:100A90007C4402E01F4C7C440E34002100F124060B
:100AA00008E002F00F071209E75D42EA03721B0932
:100AB0007754491C52EA0307F3D102780023120746
:100AC00004D5702D06D009B1022311342246F0BCA2
:100AD00000F04DB901231034F8E770B504460D4617
:100AE00021461068FFF751FE024629462046BDE820
:100AF00070400023C6E7D21D22F00703D3E900238C
:100B0000C0E70368126843F0200303600823C36151
:100B10000023B7E7A4F600002DE9F05F89460446FC
:100B20004FF0000ADFF874B1FB44C0F820A0204663
:100B3000E1688847002874D0252806D0D4E901212F
:100B40009047206A401C2062F1E700265F4620465D
:100B5000E16888472028054607DB312D05D2781942
:100B600010F8200C08B10643F1E7B00701D526F0D4
:100B70000406C4F81CA00027C4F818A02A2D09D028
:100B800028460EF059FF38B304EB8708303DC8F80B
:100B9000185019E059F8041B204604EB87029161B4
:100BA000E1688847012F054618D1E069002820DA5E
:100BB00026F020061DE0D8F8180000EB800005EBB9
:100BC00040003038C8F818002046E16888470546DC
:100BD0000EF032FF0028EED1012F0AD02E2D08D1C1
:100BE0002046E16888477F1C0546022F46F0200614
:100BF000C4DBA069002803DA404246F00106A06188
:100C0000F00701D026F010066C2D0BD0682D09D00E
:100C10004C2D39D06A2D35D0742D35D07A2D33D066
:100C200016E038E0E1682F4620468847B84205467E
:100C300009D16C2F26D04FF48060E168064320462E
:100C40008847054604E06C2F1AD04FF480700643A5
:100C50000DB3A5F14100192802D8203546F40066ED
:100C60004A462946204626604E46FFF7E7FA80B1FD
:100C700001280BD0F61D26F0070000F1080956E701
:100C80004020E4E78020D8E70020D6E706F10409F9
:100C90004DE7284652E7206ABDE8F09F34F6000091
:100CA00000487047D0AC002000487047D0AC00200E
:100CB000034640688C46002818BF88423CBF034664
:100CC0004068F8D318681844884207D00CF1030034
:100CD00020F00700001D411A521A0146081D0A6043
:100CE000FFF76BBB30B5B0F10A024FEA900E71F11D
:100CF00000034EEA817EB0EB0E0061EB91014FEAFA
:100D0000101E4EEA017E10EB0E0041EB11114FEA6E
:100D1000102E4EEA016E10EB0E0041EB11214FEA4E
:100D2000104E4EEA014E10EB0E0041EB11414018FF
:100D300041F100014FEAD00040EA41704FEAD10191
:100D400010EB80054FEA810444EA907444EB0104FF
:100D50006D1944EB0404521BA3414FF0000348BF3C
:100D60000A3200D530BD401C41F1000130BD2DE9F3
:100D7000F0470D4699469246044600F12408016862
:100D8000880604D5E06921F01001216000E001200F
:100D9000A84201DD471B00E00027A1697A1902EB98
:100DA0000900081AA0612078C00602D42046FFF787
:100DB000BCFC002608E0D4E901211AF8060090479F
:100DC000206A401C761C20624E45F4DB2078C00669
:100DD0000AD52046FFF7A9FC06E0D4E9012130201E
:100DE0009047206A401C2062381EA7F10107F4DCFE
:100DF00007E0D4E9012118F805009047206A401C5B
:100E00002062281EA5F10105F3DC2046FFF7A3FCB4
:100E10002078000602D50220BDE8F0870120FBE71C
:100E200070472DE9FF4F0C461E464FF0FF378BB041
:100E3000D2E90001DDF860800A908A46C1F30A55C4
:100E400005B93D46002108464FF00000BAF1000FF9
:100E500000F4400005DA00EB80004FF4400101EAA5
:100E600050004FEA9059B9F1010F00DDB9460A98D8
:100E700050EA4A000ED044F61050A5F2FF35454323
:100E80002F14B8F1000F1ED07542291E1EDDC9F1C6
:100E900000021CE0B8F1010F4FF0000001D030213A
:100EA00003E0F24305E02154401CB042FBDB304636
:100EB0000022002121540B99C1F80880C1E90020CB
:100EC0000FB0BDE8F08FBD1B6D1CDEE74A4600DAAF
:100ED000694206A800F0F8FB06AB93E8070003ABF5
:100EE00083E8070050460A9900F0FDFC8DE80700F2
:100EF000A0F500501F3800900398002D0ADD42F243
:100F00001F014A460844002303A90390684600F0E5
:100F100066FF09E0A0F500504A461F38002303A9E8
:100F20000390684600F070FF8DE807000004000C95
:100F300003D04FF0FF30410800E01046B8F1000F39
:100F400003D00022009215461EE0751E05D4FFF75F
:100F5000C9FE303262556D1EF9D5B34601220843F1
:100F600002D000227F1C04E02078302801D100222A
:100F70007F1E002A099784D01DE0112D07DAFFF7A4
:100F8000B1FE303262556D1C50EA0102F5D10843C2
:100F900002D00098C8B10EE00021681E05E0235C75
:100FA000625C63542254401E491C8142F7DBAB460D
:100FB000A81B401E0990002004F80B000B98099A0A
:100FC000C0F80880C0E9002B7AE711264FF000082E
:100FD00057E72DE9F04F88460446D21D22F007015D
:100FE00091B0D1E90001CDE90A010EF031F80246D5
:100FF0000B98C00F01D02D2007E02068810701D594
:101000002B2002E0202101EAC000032A099001D030
:10101000072A05DB03464146204600F015FB0BE19D
:101020002078800601D5E06900E00620B8F1650F60
:10103000814606D0B8F1660F18D0B8F1670F70D1AD
:1010400031E00020B9F1110F009001DB112301E024
:1010500009F101030AAA01A90CA8FFF7E2FEDDE9E4
:101060000C70002609F10105834647E001204B463C
:1010700000904FF000470AAA01A90CA8FFF7D1FE83
:10108000DDE90DB00C995D46002610B909F10100AB
:101090000D18B9EB050003D4C0F1FF3609F10105C5
:1010A000A5EB09002BE0B9F1010F01DA4FF00109BE
:1010B0000020B9F1110F0090484601DD112300E036
:1010C00003460AAA01A90CA8FFF7ABFEDDE90C70E4
:1010D0004D4600268346207800070AD4AB4500DA47
:1010E0005D4601A8012D04DD411911F8011C3029CC
:1010F00007D04F4502DA17F1040F04DA01208246C7
:101100000FE06D1EEEE7002F02DCED1B3E4403E016
:10111000781CA84200DD7D1CB81B00F1010A4FF0CD
:1011200000472078000703D4AA4501DB4FF0FF3ABF
:101130000021B7F1004F0DF143088DF8431024D082
:1011400002202B23002F01DA7F422D230A21021EC9
:10115000A0F1010000DC5FB197FBF1FC97FBF1F21D
:1011600001FB1C7C17460CF1300C08F801CDEEE7B2
:10117000A8F1010003702188090501D5452100E08F
:101180006521A0F1010800F8011C09980FA9A1EB45
:101190000807FF1D00B10120411901EBEA70A169A8
:1011A0003844081A401EA0612078C00602D42046A8
:1011B000FFF7BBFA099828B1D4E901219047206ACA
:1011C000401C20622078C00622D52046FFF7ADFAE9
:1011D0001EE0002E04DBB34502DD01A8805D00E0C7
:1011E0003020D4E901219047206A401C2062761CFF
:1011F000AAF101005FEA000A0AD100F021FAC068F2
:101200000168405CD4E901219047206A401C2062BB
:10121000281EA5F10105DCDC07E0D4E9012118F85E
:10122000010B9047206A401C2062381EA7F101077D
:10123000F3DC2046FFF78FFA032011B041E60000EF
:101240002DE9F04F04460D46D21D22F0070089B06B
:10125000D0E90097484639460DF0FAFE0246F80FED
:1012600001D02D2307E02068810701D52B2302E060
:10127000202101EAC0038DF820300BB1012000E0ED
:101280000020032A824601D0072A04DB2946204693
:1012900000F0DAF93FE12078800601D40D2500E066
:1012A000E569C7F30A560D2D49DA00214FEA175BAD
:1012B00008464FF00000002F00F4400007DA00EB72
:1012C00080004FF4400100EBD07001EA600081150E
:1012D000012901DD4FF0FF3100224FEA850CBCF1FE
:1012E000180F06D31346ACF118004FF08052C240DD
:1012F00003E04FF4801323FA0CF30CF10C0CBCF157
:10130000200F04D3ACF1200C09FA0CF001E007FA2D
:101310000CF000294FF0004801DD18B90FE00ED1A4
:1013200040450CD319EB02095F4121B9404502D178
:101330009F4329EA0209BBEB175F00D0761C208887
:10134000000502D57B48784402E07A487844193891
:1013500008AA302302F80A30037C0AF10101002EAA
:101360000AF1020A53546A4602DC4FF0300101E0F0
:101370004FF031014FF001088DF8001002D0A6F2B5
:10138000FF3603E059EA470100D06B4E002D02DC26
:101390002178090704D54FF002082E218DF801109D
:1013A000C44600210BE0C7F303433F01C35C491C63
:1013B0006D1E02F80830052908F1010801DA002D38
:1013C000F1DC00210CE000EB1973491C1B786D1E49
:1013D000082902F808304FEA091908F1010801DA72
:1013E000002DF0DC21688B0602D516E0A8F101087B
:1013F000E04505DD02EB080313F8013C302BF5D086
:10140000B8F1000F09DD02EB080313F8013C2E2BA5
:1014100003D1090701D4A8F10108002D05DD3E2103
:1014200002F808106D1E08F10108407C002E02F839
:10143000080008F1010804DA2D20764202F80800BD
:1014400002E02B2002F808000A214FF47A7086424D
:1014500008F101080BDB96FBF0F3303302F808309B
:1014600096FBF0F308F1010800FB136601E0642E1F
:101470000CDB642096FBF0F3303302F8083096FB67
:10148000F0F308F1010800FB136601E00A2E06DB09
:1014900096FBF1F0303002F8080008F1010896FBE5
:1014A000F1F001FB1060303002F80800A16908F18A
:1014B000010808EB050202EB0A00081AA061207877
:1014C000C00602D42046FFF730F9216A08AE01EBCE
:1014D0000A00206204E0D4E9012116F8010B9047CC
:1014E000BAF1010AF7D22078C00602D52046FFF7EC
:1014F0001CF96E4609E016F8010B3E280FD0D4E91E
:1015000001219047206A401C2062B8F10108F2D204
:101510002046FFF720F909B00320BDE8F08F206ACC
:101520002844206203E0D4E90121302090476D1E59
:10153000EBD3F8E75DEE000002FCFFFF10B5436956
:1015400013B1AFF3008001E0FFF728F9012010BDCF
:10155000127800F124010A7000224A700122EDE79E
:1015600011684FF0FF32E9E710B5436913B1AFF3EB
:10157000008001E0FFF7B2F9012010BD128800F1F0
:10158000240182840022C2840122EDE711684FF019
:10159000FF32E9E770B516460C46054600F048F8FC
:1015A000036893F80101012806D0FF2C0FD8185DBD
:1015B00068B101202C7070BDD3F807013246214676
:1015C00003F2071303442846BDE8704018474FF064
:1015D000FF3070BD10B500F0F7F8BDE8104000F026
:1015E000EEB870477546FFF75BFBAE4605006946EF
:1015F000534620F00700854618B020B5FEF79CFE44
:10160000BDE820404FF000064FF000074FF0000803
:101610004FF0000B21F00701AC46ACE8C009ACE884
:10162000C009ACE8C009ACE8C0098D4670470000AD
:1016300010B500F005F8001D10BD00BFF9E6000070
:1016400000487047F0AC00202DE9F0411F460446E9
:1016500003260168072A01F4006004DB08B116A51F
:1016600005E016A503E008B115A500E015A521F0D9
:1016700010002060A069C01EA0610FB1401EA061D3
:101680002046FFF752F84FB1D4E901213846904780
:10169000206A401C2062C01C206206E0206AFAE733
:1016A000D4E9012115F8010B9047761EF8D22046A7
:1016B000FFF751F8BDE8F0814E414E006E616E00BB
:1016C000494E4600696E66002DE9F0478146164690
:1016D0008AB0354878440DC88DE80D00324878440A
:1016E000801C03AC0DC884E80D0041F69B30084413
:1016F000372190FBF1F290FBF1F5A5F1800501FB9C
:1017000012041B3C02D56442012000E00020DFF8F7
:1017100098A080460027FA44AAF1BE0A0EE0E0072E
:101720000AD03246684607EB470101230AEB8101E4
:1017300000F06AFB8DE8070064107F1C002CEED1DE
:10174000194F7F44AE3F19E0E80715D007EB0410AE
:101750000DF1180A90E80E008AE80E00C068F04209
:1017600001D1981908903246012306A903A800F078
:101770004BFB03AB83E807006D10641C002DE3D125
:101780004FF0010332466946B8F1000F03A802D0BA
:1017900000F025FB01E000F037FBC9E90001C9F8C2
:1017A00008200AB0BDE8F08760EB000010B50446E1
:1017B000AFF300802046BDE81040FEF7A8BD00282A
:1017C00001D000F029B8704710B5012805D00021DC
:1017D00003A000F027F8012010BD09A1F8E70000E0
:1017E00053494752544D454D3A204F7574206F660A
:1017F0002068656170206D656D6F72790000000072
:101800003A2048656170206D656D6F727920636F55
:10181000727275707465640001491820ABBEFEE7F2
:101820002600020070B505460C460A2000E06D1C3B
:1018300000F052F835B128780028F8D102E0641C95
:1018400000F04AF814B120780028F8D1BDE87040C3
:101850000A2000F041B800004FF0013C50F8042B82
:1018600051F8043B9A4221D1A2EB0C03934313EAB3
:10187000CC1317D150F8042B51F8043B9A4215D1E0
:10188000A2EB0C03934313EACC130BD150F8042BB7
:1018900051F8043B9A4209D1A2EB0C03934313EA9B
:1018A000CC13DBD04FF00000704700BFD01A01BA54
:1018B000B1FA81F101F0180122FA01F0CB40C1F137
:1018C0002001DBB2C0B2C01A2CFA01F3D11A914345
:1018D00011EAC311E6D1704708B569468DF80000DA
:1018E0000320ABBE08BD5FEA400C08BF91F0000FBB
:1018F0004FEA8C234FEAC12243EA51514FEA1C5070
:1019000018BF00F5F0404FEA300018BF41F0004129
:101910005FEA6C5C00F02980BCF1FF3F08BF40F03B
:1019200080407047130C06BF12044FF0100C4FF0AC
:10193000000C130E04BF12020CF1080C130F04BFAD
:1019400012010CF1040C930F04BF92000CF1020C75
:10195000D30F04BF52000CF1010C11464FF00002EE
:10196000A0F11F00A0EB0C00704711F0004F08BF62
:10197000704731F000413FF4D5AF0B0C06BF0904AE
:101980004FF0100C4FF0000C0B0E04BF09020CF1CD
:10199000080C0B0F04BF09010CF1040C8B0F04BFE2
:1019A00089000CF1020CCB0F04BF49000CF1010CB3
:1019B000CCF12003A0EB0C0022FA03F302FA0CF2A4
:1019C00041EA030100F10100704720F07F4C80EAFA
:1019D000030023F07F47ACEB070303F57C5300F0D3
:1019E000004003F1FF032DE980494FEA154B09B48C
:1019F0004FEA144325EA0B4E24EA03480FF204266B
:101A000006EB132749083E785FEA320203FB0667BC
:101A1000C7F5000707FB06F64FEA54374FEAD646EC
:101A200006F1020607FB066CCCF1005C4FEA1C478E
:101A30002CEA074C07FB06F40CFB06F504EB1546F5
:101A40004FEA961634BF00204FF000404FEAD137DE
:101A500006FB07FC4FEA1C4C0CFB0BF7D21B03FBED
:101A60000CF761EB07010CFB0EF7B0EB074072EBD4
:101A700017420CFB08F734BFA2EB0742B2EB074258
:101A800061EB17414FEA0C444FEA910706FB07FC54
:101A90004FEA1C4C0CFB0BF7B0EBC74072EB573214
:101AA00003FB0CF734BFA2EBC742B2EBC74261EBBA
:101AB00057310CFB0EF7B0EBC70072EB57720CFB03
:101AC00008F734BFA2EBC702B2EBC70261EB577154
:101AD000039F4FEA816141EA921104EBCC044FEA83
:101AE000D1374FEA826206FB07FC42EA90124FEAC6
:101AF00080604FEA1C4C0CFB0BF7D21B03FB0CF76E
:101B000061EB07010CFB0EF7B0EB074072EB1742DD
:101B10000CFB08F734BFA2EB0742B2EB074261EBC4
:101B200017414FEA8C554FEA910704EB9C2406FBC2
:101B300007FC4FEA1C4C0CFB0BF7B0EBC74072EBF9
:101B4000573203FB0CF734BFA2EBC742B2EBC742DC
:101B500061EB57310CFB0EF7B0EBC70072EB57721D
:101B60000CFB08F734BFA2EBC702B2EBC70261EB74
:101B7000577115EB4C254FEA816141EA92114FEA0A
:101B800082624FEAD13742EA901206FB07FC44F129
:101B900000044FEA80604FEA1C4C0CFB0BF7D21B91
:101BA00003FB0CF761EB07010CFB0EF7B0EB0740F2
:101BB00072EB17420CFB08F734BFA2EB0742B2EB03
:101BC000074261EB174115EB1C154FEA813141EAE1
:101BD00092414FEA823242EA90424FEA80304FEA25
:101BE0000C7644F1000448EA03434EEA0B484FF0F8
:101BF000000EB2EB080C71EB030724BF62463946B6
:101C00004EEB0E0E4FF0000B0018524149414BEBCA
:101C10000B0BB2EB080C71EB03077BF1000B24BF3D
:101C2000624639464EEB0E0E4FF0000B0018524143
:101C300049414BEB0B0BB2EB080C71EB03077BF14B
:101C4000000B24BF624639464EEB0E0E51EA0207E6
:101C500018BF46F0010616EB0E7655F1000254F15E
:101C6000000103D5BDE88901BDE80088BDE8890110
:101C7000BDE80048B619524141EB0101A3F101034F
:101C8000704780807F7E7D7C7B7A797877767675E9
:101C90007473727171706F6E6E6D6C6C6B6A6A6961
:101CA0006868676666656464636362616160605FFB
:101CB0005F5E5E5D5D5C5C5B5B5A5A595958585774
:101CC00057565655555554545353525252515150DC
:101CD00050504F4F4F4E4E4D4D4D4C4C4C4B4B4B2F
:101CE0004A4A4A4949494848484747474746464675
:101CF00045454544444444434343434242424241B0
:101D00004141002B9C4630D477002BD01CB54FEAC4
:101D1000370703B44FF010004FF01001BAF1000F75
:101D200006D0BCF1000FDCBF40F0080040F0080115
:101D30004FF000000FBCBDE810400BF1010BBBF1F0
:101D4000010F08BF5FEA170722BF12F1010211F16C
:101D500001014FF0004143F1000300F0004043EA6D
:101D600000007047F9D35708D0E746EA064613F15A
:101D7000400F4FEA16461FDD13F1200FDFBF164359
:101D80000A46002120335B42BED0C3F1200746EA59
:101D9000064602FA07F74FEA164646EA0706C3F177
:101DA000200722FA03F201FA07F721FA03F14FF0B4
:101DB000000342EA0702A7E746EA020646EA0646A9
:101DC0004FEA164646EA0106BCBF46EA0646360C0E
:101DD0004FF000034FF000024FF0000194E72DE9AF
:101DE000804C9A46934670B491E8380007C831EAAF
:101DF000400C48BF34EA430C03D5FFF7E6FDFFF77C
:101E000080FFF0BCBDE8008C2DE9804C9A469346DB
:101E100070B491E8380007C810F0804F08BF13F085
:101E2000804F03D100F005F8FFF76BFFF0BCBDE871
:101E3000008C20F07F4780EA030023F07F4C07EB03
:101E40000C03A3F57C5300F00040A3F1FE0392F0D5
:101E5000000F00F0B38095F0000F00F077802DE9BF
:101E600001494FEA11404FEA144621EA004800FBBD
:101E700006FC24EA064708FB06F607FB08F800FB09
:101E800007F718EB06484CEB164C4FEA124B18EBD1
:101E900007484FEA15464CEB174022EA0B4E0BFB66
:101EA00006FC25EA06470EFB06F607FB0EFE0BFBBB
:101EB00007F71EEB064E4CEB164C4FF000061EEBE0
:101EC000074E4CEB174B18EB0B0840F1000018EBDA
:101ED0000E0B58EB000840F100008F1A4FF0000184
:101EE0003CBFC943661B14BFB5EB040C00213CBFCB
:101EF000C943F61B4FEA17444EEA8E0E27EA044503
:101F00004FEA1C4704FB07622CEA074C05FB07F766
:101F10000CFB05F604FB0CFC16EB074642EB1742E4
:101F200016EB0C4642EB1C421BEB060658EB02027A
:101F3000414146EA9E0601D5BDE80189B6195241E4
:101F400041EB0101A3F10103BDE801894FEA14450A
:101F50004FEA114724EA054621EA074C05FB07F43E
:101F600006FB07F70CFB06F105FB0CFC11EB074128
:101F700044EB17444FEA124711EB0C4144EB1C446D
:101F800022EA074C05FB07F206FB07F70CFB06F6F7
:101F900005FB0CFC16EB074642EB174216EB0C4612
:101FA00042EB1C456A1854F1000148BF7047B6194E
:101FB000524141EB0101A3F10103704795F0000F7D
:101FC00037D04FEA11424FEA144721EA024624EA89
:101FD000074C02FB07F106FB07F70CFB06F402FBBC
:101FE0000CFC14EB074441EB17414FEA154714EB87
:101FF0000C4441EB1C4125EA074C02FB07F506FBAC
:1020000007F70CFB06F602FB0CFC16EB074645EB4C
:10201000174516EB0C4645EB1C42121951F1000115
:1020200048BF7047B619524141EB0101A3F10103CA
:1020300070474FEA14454FEA114724EA054621EA62
:10204000074C05FB07F106FB07F70CFB06F24FF008
:10205000000605FB0CFC12EB074241EB174112EBAB
:102060000C4251EB1C4148BF7047921841EB0101F3
:10207000A3F1010370470000454910B54A6822F4F6
:1020800040324A604A6843681A434A6001684A68B5
:1020900022F480724A6001684A68036942EA0322B6
:1020A0004A6001684A6822F040724A6001684A68E2
:1020B00083681A434A6001688A6822F400628A6071
:1020C00001688A68C3681A438A60816A6FF0706227
:1020D000D14201688A6822F070628A6001688A6869
:1020E0000CD0836A1A438A6001688A6822F04052E1
:1020F0008A6001688A68C36A1A4301E022F040528C
:102100008A6001688A6822F002028A6001688A682F
:10211000836942EA43028A60016A002901684A68C9
:102120000FD042F400624A6001684A6822F46042BB
:102130004A6001684A68174C436A04EB43331A4308
:1021400001E022F400624A600168CA6A22F4700267
:10215000CA620168CA6A838B0F4C04EB03531A43AB
:10216000CA6201688A6822F400728A6001688A681B
:10217000036B42EA43228A6001688A6822F4806223
:102180008A6001688A68406942EA8020886010BDE0
:102190000023014000E0FFFF0000F0FF10B52DED2F
:1021A000028BB0EE408A18EE100AB0F17E5F23DD9C
:1021B000B0EE480A01F0AEFBC0EE080A9FED100A2F
:1021C00020EE808AB0EE480A0DF090FA0D4CD4ED66
:1021D000090A30EE200A84ED090AB0EE480A0DF033
:1021E000C7F8D4ED0A0AA4F5807130EE200A84ED18
:1021F0000A0A488D401C4885BDEC028B10BD0000CA
:10220000DB0FC94000010020002818D00021818187
:1022100001829FED0B0A012180ED0C0A80ED0D0A71
:1022200080ED0E0A80ED0F0A80ED100A80ED110A94
:1022300080ED120A80ED130A80ED140A4170704798
:102240000000000080B1B1F5807F0DD800EB810067
:1022500061B150ED010A084B70EE600AF0EEE00A41
:1022600010EE902A9A4201DA0846704780ED000A83
:10227000491C88B2704700000AD7233B10B521499A
:1022800000202DED028B9FED1E0AC87001F1800029
:102290001E4980ED050A9FED1C0A80ED060A90EDAF
:1022A000050ABCEEC00A10EE100AA1F8720001F097
:1022B000ABFCB7EE008A1648C8EE000AC0ED000A73
:1022C00001F090FCC8EE000A11486838C0ED000A21
:1022D00001F088FCC8EE000A0D489FED0E0A343864
:1022E0000021C0ED000A0C4880ED080AC18006F00C
:1022F0007DFFBDEC028BBDE8104006F06DBF000015
:1023000000007A46000000200000FA45388C0020CA
:1023100048020020000000004C45002070B50C462B
:102320002DED068BB0EE419AF0EE609AB0EE40AA29
:10233000050035D0002C33D01B48DFED1C0A90ED92
:10234000030A20EE208AB5EEC08AF1EE10FA01D21F
:102350009FED178A01F090FBF0EE408A01F0A2FB9E
:1023600020EE090ADFED130AB5EEC08A20EE200A3E
:10237000F1EE10FA04D8F5EEC08AF1EE10FA0FD99A
:1023800020EE081AD5ED000A48EE0A8A41EE290A25
:10239000C5ED000AD4ED000A40EE680AC4ED000A5B
:1023A000BDEC068B70BD00002C060020BD378635C5
:1023B000000000005077D63DF0B5864E2DED088B1D
:1023C000B0EE609AB0EE40BA83B0D6ED0D0A96ED4D
:1023D0000B0AF5EEC00AF1EE10FA01D8DFED7E0A25
:1023E000B5EEC00AF1EE10FA01D8B1EE000A20EE07
:1023F000800ADFED7AAA80EE2A8A01F01BFCB0EE9B
:10240000401ADFED778AB0EE490AF0EE680A00F074
:10241000F3FE744CB0EE40AAF0EE689A94F87A009D
:1024200020B100EE100AB8EE409A01E0B7EE009A33
:1024300018EE100A4FF07E57B84201DA9FED6A8A13
:102440006A4DB0EE4B0AB0EE481A85ED108AF1EEF7
:10245000480A00F0D1FEB0EE408A94ED000A10EE7A
:10246000100AB84201DDCAEE009A9FED611AF0EE43
:10247000680AB0EE690A00F0BFFEF0EE409A28EE5E
:102480002A0AC5ED138AC5ED148A5848C0EE090A18
:102490008030C5ED0D0A95ED0D0A85ED120AC0EDEF
:1024A000078A85ED198A95ED0D0A85ED1A0A01F066
:1024B00099FB60EE090A96ED080AB5EEC00AF1EE46
:1024C00010FA01DC9FED4B0A20EE080A80EE201A7C
:1024D000F0EE690AB0EE480A85ED1B1A00F09CFE8A
:1024E000F6EE001A30EE612A94ED000A70EEE10A71
:1024F00022EE002A60EE800A84ED012AC4ED020A71
:1025000071EE610A20EE800A84ED030A94ED070A59
:102510000DF0ECF8B0EE408A94ED070A0CF028FFBD
:10252000F0EE408A94ED080A01A98DED000A94EDC1
:10253000090A68468DED010A00F060F82E4E9DED07
:10254000000A304686ED000A9DED010A86ED010A7B
:102550003169884796ED020A06F11405284685ED93
:10256000000A96ED030A85ED010A85ED028AC5EDA4
:10257000038AA969884795ED040A304684ED040A68
:1025800095ED050A84ED050A94ED010A86ED000A31
:1025900094ED020A86ED010A3169884796ED020A38
:1025A000284685ED000A96ED030A85ED010A85EDC2
:1025B000028AC5ED038AA969884795ED040A84ED6E
:1025C0000B0A95ED050A84ED0C0A03B0BDEC088BEF
:1025D000F0BD00002C06002000803B45000070424A
:1025E00000000000388C002000004843000000205C
:1025F0009A99593F000080497C010020002820D092
:1026000000291ED00F4A13780BB1127901E00E4A4F
:10261000927B02B10122D1ED000A90ED000AC0EDDB
:10262000000A81ED000A002A0BD090ED000AB1EEFD
:10263000400A80ED000A91ED000AB1EE400A81EDFA
:10264000000A70474C450020000000203448B0EEDE
:10265000402AF5EEC01A90ED0A0AD0ED0B2AF1EEF1
:1026600010FA07D9B5EEC01AF1EE10FA02D92D48CA
:10267000407B10B1B0EE600A7047B5EEC00AF1EED3
:1026800010FA01D89FED280AF5EEC02AF1EE10FAF3
:1026900001D8F0EE402ADFED253A21EE213A20EE76
:1026A000230A62EEA32AC3EE001A83EE220AF5EE95
:1026B000C01AF1EE10FA01D8F0EE411AB5EEC00AD8
:1026C000F1EE10FA01D8B0EE410A22EE201AB5EE72
:1026D000C01AF1EE10FA0BD3B0EEE01AF0EEC22AF7
:1026E000B4EEE21AF1EE10FA02DDB0EE611A01E08A
:1026F000B0EE401A30EEC20AB4EEC10AF1EE10FAA2
:1027000002DDB0EE410A08E0F1EE410AB4EEE00A63
:10271000F1EE10FA01D2B0EE600A32EE000A704714
:10272000E805002000000020000048436F12833AB3
:102730002748F0EE402AF5EEC01A90ED0A0A90ED17
:102740000B2AF1EE10FA04D9B5EEC01AF1EE10FA28
:1027500002D8B0EE600A7047B5EEC00AF1EE10FA8A
:1027600001D89FED1C0AB5EEC02AF1EE10FA01D88F
:10277000B0EE402A9FED183A61EE211A20EE030ACE
:1027800081EE801A22EE030A81EE802A30EEE20A00
:10279000F0EEE00AF0EEE21AF4EEE10AF1EE10FAE1
:1027A00001DCB0EE421AB4EEC10AF1EE10FA02DD1D
:1027B000B0EE410A08E0F1EE410AB4EEE00AF1EEB3
:1027C00010FA01D2B0EE600A32EE800A70470000C3
:1027D000E8050020000048436F12833A10B53148E5
:1027E0002DED048B82B04078002857D12E48807898
:1027F000002853D02D4890F8800802284ED32C4C46
:102800002068B0F17E5F49DD94ED080A69468DEDE0
:10281000010A94ED090A01A88DED000AFFF7EEFE0A
:102820009DED010A9DED001AF1EE400A30EEC19ACD
:1028300003F03EFDD4ED000A60EE208A9DED000A13
:1028400003F036FDD4ED000A20EE208AB0EE490AEE
:1028500003F02EFDD4ED000AF0EE081A60EE200A17
:1028600038EE880A30EE201A81EE210A94ED011A22
:1028700078EEC01A31EE211A78EE401A30EEC00A16
:1028800084ED011A94ED021A31EE211A84ED021A38
:1028900094ED031A31EE000A84ED030A02B0BDEC98
:1028A000048B10BD00000020306300203083002026
:1028B000388C002010B540B1022906D3212904D854
:1028C000B5EEC00AF1EE10FA01D8002010BD134A8F
:1028D000134B82ED1F0AA2F5006282F880180022D5
:1028E0000BE000BF00EB820494ED000A03EB8204CE
:1028F00004F52054521C84ED210A8A42F2D39FED44
:10290000090A212A07D203EB820000F52050521C4D
:1029100080ED210AF5E70120987010BD308B002072
:10292000306300200000000070B54A4C2DED068B8E
:10293000B0EE608AF0EE418AF0EE409A84ED0B8AA8
:10294000C4ED0C8A2068B0F17E5F0EDA9FED420A7A
:10295000B6EE001A84ED010A84ED020A84ED030A42
:10296000F6EE000AB6EE000A6EE0B0EE690A0CF070
:10297000BDFEB0EE409AB0EE690A0CF0F9FC374D9E
:10298000F0EE400A2846C5ED030A85EC038AA969E2
:10299000884795ED040A05F11C06304686ED000ACD
:1029A00095ED050A86ED010A7169884796ED020AE0
:1029B00084ED010A96ED030A84ED020A96ED040AFD
:1029C00084ED030AFFF70AFF94ED000AB7EE001A40
:1029D000F6EE001AC1EE000A94ED011AB0EE610A9B
:1029E000DFED1F9A9FED1FAA01EE200A94ED021A57
:1029F000B0EE409AB0EE610A01EE200A94ED031A9F
:102A0000B0EE408AB0EE610A01EE200AB0EE691A1B
:102A1000F0EE4A0A00F0F0FBF0EE408AB0EE691AE0
:102A2000F0EE4A0AB0EE480A00F0E6FBB0EE408A4B
:102A3000B0EE691AF0EE4A0AB0EE490A00F0DCFB8B
:102A4000B0EE681AF0EE480ABDEC068BBDE87040A7
:102A500000F00EBF388C002000000000AC01002008
:102A60003333733FCDCC4C3D70B504002DED088B56
:102A70004FF000013AD094ED060A424AB0EEC08A07
:102A800018EE100A904201DA9FED3F8A94ED070A92
:102A9000F0EEC08AF4EEC88AF1EE10FA01DDF0EE35
:102AA000488A94ED080A394AF0EEC09A19EE900A65
:102AB000904201DADFED369A94ED090AB0EEC09A41
:102AC000B4EEE99AF1EE10FA01D2B0EE699AF1EEA5
:102AD00068AAB6EE00AAF0EE6ABAB1EE48BA49EEBC
:102AE0004ABA04F154054FF480760BE00020BDECA7
:102AF000088B70BDB0EE4B0A2846FFF7A3FB3BEEF8
:102B000009BA0146F4EECBBAF1EE10FA01DDB1429A
:102B1000F0D9B0EE68BA09EE8ABA07E0B0EE6A0AF8
:102B20002846FFF78FFB7AEEA9AA0146B4EEEABA6F
:102B3000F1EE10FA01DBB142F0D9B0EE48BA78EE0E
:102B400089AA09EE4ABA07E0B0EE6A0A2846FFF7FA
:102B500079FB7AEE89AA0146B4EEEABAF1EE10FAF0
:102B600001DDB142F0D9B0EE480A2846FFF76AFB12
:102B700084ED068AC4ED078AC4ED089A84ED099AAB
:102B8000B5E70000CDCCCC3DCDCCCC3D0AD7233C25
:102B90000AD7233CFEE70020704700207047000062
:102BA00010B500220449054808F09CFC044903487C
:102BB00008F092FC002010BD04A10020F09000203D
:102BC0000499002010B5084A04460078107009687E
:102BD00020460AF077FF2146044808F07DFC0348B0
:102BE00008F05EFC002010BDB0020020F090002034
:102BF000094A10B5D2F81822D2F814220AB10120DD
:102C000010BD0A460146044808F06CFCBDE81040BF
:102C1000014808F0A7BC0000F090002010B52DED91
:102C2000048BB0EE608A18EE100AB0F17E5F03DC10
:102C30000020BDEC048B10BD2148D0ED0B8AF5EED1
:102C4000C08AF1EE10FA01DCF1EE008AF5EEC08ADE
:102C5000F1EE10FA01D8F7EE008AF6EE000A28EE3F
:102C6000209AB4EEC09AF1EE10FA01D230EE480A82
:102C7000B1EE400A0CF0D8FC9FED120A044668EE53
:102C8000000A9FED110A28EE801A80EE810A0CF0EE
:102C9000CBFCFDEEC90ABDEEC80A204410EE901A26
:102CA000814203DA10EE101A401AC2E710EE901AB1
:102CB00049428142BDDD10EE101A0844B9E7000018
:102CC0002C0600209A19B4420000B44310B52DED33
:102CD000028BB0EE408A18EE100AB0F17E5F1FDD65
:102CE0001248408DE0B11248D0ED0A0A90ED090A71
:102CF0000CF0E8F9DFED0F0AB5EEC00AF1EE10FABC
:102D000001D230EE200A20EE081A81EE200A00BF20
:102D1000F0EE480ABDEC028BBDE81040FFF77EBF25
:102D2000B0EE480A00F0F6FDF2E7000000000020D7
:102D300000010020DB0FC94010B50846002304E065
:102D4000D45C5B1C204480B2DBB28B42F8D300EB36
:102D50001020C0B210BD000010B523489FED230A1B
:102D60002DED028BD0ED000A214820EE808AD0EDB7
:102D7000010A20EE800AB5EEC00AF1EE10FA0BDD72
:102D8000B5EEC08AF1EE10FA04D9B4EEC80AF1EE3D
:102D900010FA01D2B0EE408A18EE100A15498842A6
:102DA00001DA9FED158A154CDFED150AB0EE481AD1
:102DB00094ED020AB0EEC00A00F01EFA10EE100AFE
:102DC000104984ED060A884201DA9FED0F0AB4EE3D
:102DD000C80AF1EE10FA01DDB0EE480A84ED0A0AE5
:102DE000BDEC028B10BD00002C0600209A99193F03
:102DF000C88C0020CDCCCC3DCDCCCC3D4C4500206A
:102E000000000000CDCC4C3ECDCC4C3E10B5364839
:102E1000B6EE000A2DED028BD0ED000A334820EE0D
:102E2000801AD0ED010A20EE800AB5EEC00AF1EE5C
:102E300010FA0BDDB5EEC01AF1EE10FA04D9B4EEBB
:102E4000C10AF1EE10FA01D2B0EE401A11EE100AEA
:102E50002749884201DA9FED271A274C9FED278AE0
:102E600094ED020AF0EE480AB0EEC00A00F0C4F990
:102E700084ED060A94ED030A9FED211AF6EE000A8E
:102E800000F0BAF984ED070A207818B11D49A0694D
:102E9000884206DAB0EE480A84ED080ABDEC028BDF
:102EA00010BD00F09FFE94ED071AC1EE000A94EDEC
:102EB000080A30EE800A10EE100A84ED080AB0F11C
:102EC0007E5F05DBF7EE000A30EE600A84ED080A4B
:102ED00010EE100AB0F17C5F02DA94ED060ADDE72D
:102EE000B0EE480ADAE700002C060020C88C00206B
:102EF000CDCCCC3DCDCCCC3D4C45002000000000DD
:102F00000000484217B7D1381948DFED180A017898
:102F100029B1417819B9807808B1DFED160A164851
:102F2000B6EE001A90ED000A144820EE010A90ED6A
:102F30000A1A20EE200A61EE200AF5EEC00AF1EE30
:102F400010FA0BDDB5EEC00AF1EE10FA04D9F4EE7A
:102F5000C00AF1EE10FA01D2B0EE600A10EE100ACB
:102F6000B0F17E5F01DAB7EE000A7047CDCC4C3E7F
:102F70004C4500203333B33E388C00202C06002013
:102F800010B52DED0A8BB0EE60AAF0EE40AA9FEDD1
:102F9000479AB5EEC0AAF1EE10FA04D8B0EE490A8D
:102FA000BDEC0A8B10BD4248D0ED038A18EE900AA2
:102FB0000CF079F820B1F5EEC08AF1EE10FA01D8E4
:102FC000F7EE008AB1EE041AF0EE490AB0EE680A94
:102FD00000F012F9F0EE408A00F064FDF0EE400AD5
:102FE000B0EE608A00F048FDF7EE080A68EE200AAD
:102FF00020EE808AB5EEC08AF1EE10FA01D2B0EE72
:10300000498A2B489FED2B0A4430F0EE489AD0EDC8
:10301000050A60EE80BAD0ED200A20EE80BA00F0FA
:10302000A1FD9FED26CAF5EEC08AB0EE408AF1EE12
:1030300010FA214C09D919EE900A2149884204DD81
:10304000B5EEC08AF1EE10FA06D82AEE8C0AC4ED6D
:1030500012AA84ED130AA1E7B0EE481AF1EE480A6D
:10306000B0EE6A0A00F0C8F8F0EE400AF0EE4A1A34
:10307000B0EE481A94ED120AFFF75AFBF0EE400A40
:1030800094ED131A20EE8C0AC4ED120A84ED130A93
:1030900070EE411A81EE8A1A2BEE811A0BEE001A9D
:1030A00081EE290A20EE280A7AE7000000000000DD
:1030B000E80500206F12833A000100205077D63DCA
:1030C000BD378635F0B518B111B1027CBABB01E04D
:1030D0004020F0BD2E4A92ED000A10EE103AB3F1F6
:1030E0007E5F02DD92ED000A01E09FED2A0AF0EE1C
:1030F000000A41F2883320EE200ABCEEC00A10EE2E
:10310000102A9A4200D21A4644694FF0FF35641CD7
:103110004461944203D905744FF48070F0BD4FF0C0
:10312000C8446288A488866832448260C668344491
:10313000C460468A761CB6B246829E4201D2002006
:10314000F0BDB2FBF3F296B2B4FBF3F297B2A6F580
:10315000FE42A7F5FE43FF3AA3F1FF0300D552421A
:10316000002B00DA5B4200248460C4604482446126
:103170004FF40064A24201D8A34203D905744FF46E
:103180000070F0BD21F8746F4F8001210174D6E703
:103190009400002000007A460146F0EEC01A91ED3E
:1031A000010A0020F4EEC01AF1EE10FA0DDCF0EE88
:1031B000E00AF4EEC00AF1EE10FA06DCF0EEC10A05
:1031C000F4EEC00AF1EE10FA00DD012070470000B5
:1031D0000146034A89690020914200DD08207047BA
:1031E0000000A04200680349884201DD02207047C8
:1031F0000020704700005C42B4EEC10AF1EE10FA04
:1032000002DDB0EE410A7047B4EEE00AF1EE10FACA
:10321000F9D2B0EE600A704710B556482DED048B18
:10322000B0EE608AD0ED000AB4EEE00AF1EE10FADA
:1032300002DD90ED000A0CE0D0ED000AF1EE600A2C
:10324000B4EEE00AF1EE10FA03D290ED000AB1EE0E
:10325000400AB5EEC08AF1EE10FA02D29FED468A1E
:1032600006E018EE100A4549884201DD9FED448AC8
:10327000F0EEC00A10EE900A4249F6EE008A88424B
:1032800004DD18EE100A4049884210DCB0EE681ADE
:10329000F0EE680AB0EE680A00F0EAFAB0EE680AEA
:1032A000F0EE680AB0EE681ABDEC048B10BD37482A
:1032B000D0ED000A10EE901AB1F17E5F02DDD0ED84
:1032C000000A01E0DFED320AF7EE001A324C81EE1F
:1032D000A01ADFED300A314960EE201A94ED000AA1
:1032E00001EE810A10EE100A84ED000A884202DB2A
:1032F00030EE600A06E0B5EEC00AF1EE10FA03D235
:1033000030EE200A84ED000A0CF0F0F9B0EE409A9D
:1033100094ED000A0CF02CF8FEEE000A9FED203A26
:1033200069EE202AB0EE401AB0EE680AF0EE623A7A
:1033300041EE032A68EE001A41EE433AF0EE400AED
:10334000B0EE402A01EEA20A01EE892A41EEA30A5C
:10335000B0EE403AB0EE420AF0EE603AB0EE431AF8
:1033600000F086FAB0EE420AF0EE630AB0EE431ABD
:103370009AE7000040000020000000006666663FFB
:103380006666663FCDCCCC3D6F12833A9400002038
:1033900000007A46DB0FC94028040020DB0FC9403B
:1033A000D7B35D3F7047012001F094BA4FF400504D
:1033B00001F090BA022001F08DBA042001F08ABA1F
:1033C000002229B101291AD002291BD04FF44072E2
:1033D0000E490B6823F440730B600B6813430B60BA
:1033E0000A6822F0F8020A600A68022303EBC000B0
:1033F00002430A60086840F48030086070474FF468
:103400008072E5E74FF40072E2E70000103C0240F2
:103410001348016889050FD5016821F40071016026
:10342000016841F400610160016821F400610160FC
:10343000016841F400710160016849050FD5016818
:1034400021F480610160016841F4805101600168EC
:1034500021F480510160016841F48061016070478E
:10346000003C024008490A6822F440720A600A6877
:1034700042F004020A600A684FF4803343EA0020F5
:1034800002430A6070470000103C0240064A13687D
:1034900023F44073136013681360136843F001034F
:1034A0001360017070470000103C0240084910B5DD
:1034B0000C6824F440740C600C6844F440740C6094
:1034C0000C6844F001040C600260436010BD000011
:1034D000103C0240074A136823F4407313601368DA
:1034E00043F480731360136843F001031360018099
:1034F00070470000103C0240074A136823F44073F1
:103500001360136843F400731360136843F00103FE
:103510001360016070470000103C024017490868C2
:10352000C206174805D5C26942F01002C2611022D6
:103530000A600A68920605D5C26942F00802C261B3
:1035400020220A600A68520605D5C26942F00402C8
:10355000C26140220A600A68120605D5C26942F0BB
:103560000202C26180220A600A68920705D5C26918
:1035700042F02002C2610220086070470C3C024009
:1035800004A9002070B5114904460020C86101F06B
:1035900093FA06460E4D09E0601C07D024B101F0F5
:1035A0008BFA801BA04201D9032070BD2868C0039C
:1035B000F2D42868C00701D001202860286810F0E4
:1035C000F200F2D0FFF7AAFF012070BD04A900208D
:1035D0000C3C024070B5B3F5804F05D06FF07041E0
:1035E00040F82210002070BD50F82240084B8E8910
:1035F0001C40D1E9003543EA05138D6889692D0225
:1036000045EA06452B430B43234340F82230E9E7C4
:103610000000F0CFF0B50C6850F82430114A134088
:10362000D1E90125D1E903672A433E4332434E697C
:1036300032438E693243CE6932430E6A32434E6A58
:1036400032438E6A3243CE6A3243CE6B096B3243C9
:103650000A431A43082D01D142F0400240F82420C9
:103660000020F0BD8000F0FF30B500EB8202506812
:103670008D8900F04043D1E9000440EA04108C68D1
:10368000240244EA054420430C8A074D05EB045408
:1036900020430C7D6D0105EB0464896920430843D8
:1036A00018435060002030BD0000F0FF2DE9F041CC
:1036B0001C4C0500277A667A4FF00000E0712072FA
:1036C00060720ED0184904F18002096E91660321E0
:1036D00061712179012901D0A07104E00121A1715A
:1036E00001E0042161718046014610489FED100AF7
:1036F00001708170C18080ED080A80ED090A80EDBB
:103700000A0A05F08BFD05F015FD1DB117B16670B5
:10371000032102E084F801800521BDE8F04105485D
:1037200006F0D3BF00000020388C00204C4500205C
:1037300000000000740100200F4900220A7008B147
:10374000042000E0032048700120C8700C489FED61
:103750000B0A80ED130A80ED140A80ED0D0A80ED4E
:10376000120A80ED0E0A80ED0F0A4270052100F565
:10377000BA7006F0AABF000030630020000000000D
:1037800000000020002206E050F822305B1C01D02F
:1037900001207047521C8A42F6D300207047000077
:1037A000F0B587B00F46044600251646142168463A
:1037B0000595FCF732FF02200490244800958442CE
:1037C00001D2002023E022498C4201D201201EE0D8
:1037D00020498C4201D2022019E01F498C4201D2BB
:1037E000032014E01D498C4201D204200FE01C4943
:1037F0008C4201D205200AE01A498C4201D20620EF
:1038000005E019498C4201D2072000E00B2002900C
:10381000012016490390F320086005A9684600F0CE
:1038200063FE50B900250CE057F8252004EB850114
:103830000023022000F0AEFE10B1002007B0F0BD62
:103840006D1CB542F0D30120F8E7000000400008ED
:103850000080000800C00008000001080000020805
:103860000000040800000608000008080C3C0240A4
:10387000DFED231AB5EEC00AF1EE10FA01D2B0EE78
:10388000610AF5EEC00AF1EE10FA01D2F0EE610A1B
:10389000B5EEC01AF1EE10FA01D2B0EE611A10EED8
:1038A000101A1848DFED181A814201DDB0EE610AE6
:1038B00010EE901A814201DDF0EE610A11EE101A4D
:1038C000814201DDB0EE611ADFED101A104920EEE1
:1038D000210A0868BCEEC00A10EE102AC26320EE6E
:1038E000A10ABCEEC00A10EE102A826321EE210A62
:1038F0000968BCEEC00A10EE100A48637047000069
:10390000000000006666663F6666663F001024465B
:103910000C05002010B52DED028BB0EE408A18EE9C
:10392000100AB0F17E5F04DC9FED0F0ABDEC028B44
:1039300010BD0E48D0ED130A0D48F5EEC00A90ED0B
:10394000150AF1EE10FAB8EEC00A01D038EE400ABE
:10395000F0EE480A0BF010FEB5EEC00AF1EE10FAD8
:10396000E4D230EE080AE1E7000000002C06002057
:10397000388C002010B519492DED028B0878DFED49
:10398000188A01280BD0022809D006280FD0072852
:103990000DD0BDEC028BBDE8104000F03FBCB0EE96
:1039A000680ABDEC028BBDE810400BF015BB91ED31
:1039B0001D8A00F019F818EE100AB0F17C5F0ADCDD
:1039C000084890F87A0020B100EE900AB8EE608ABC
:1039D00001E0B1EE008A40EE088AE0E77C45002075
:1039E000732CC9BF388C002010B51E482DED028BFA
:1039F00090ED088AB5EEC08AF1EE10FA0ADD18EEF5
:103A0000100AB0F17E5F07DC174890ED1E0ABDEC8E
:103A1000028B10BD9FED158AB0EE480AFFF77AFFC2
:103A20001348D0ED180AF8EEE00A30EE800AF0EE06
:103A3000480A0BF0A1FDB5EEC00AF1EE10FA01D272
:103A400030EE080AC0EE080AB7EE000ABDEC028BA1
:103A5000BDE8104030EE600ADFED060A20EE200AD5
:103A60000BF0BABA2C0600200000002000008049AC
:103A7000388C0020DB0FC9400748DFED080A90EDC5
:103A8000040A20EE200AB5EEC00AF1EE10FA01D2C7
:103A90009FED030A704700002C0600206F12833A46
:103AA00000000000084890ED0B0AB5EEC00AF1EEE8
:103AB00010FA01D8B1EE000AB5EEC00AF1EE10FA24
:103AC00001D8B7EE000A70472C060020054890ED9B
:103AD000100ABCEEC00A10EE100AC0B2012800D9CC
:103AE00000207047E80500201948DFED1B1A90ED13
:103AF000010A90ED001A1748B5EEC00AD0ED010A90
:103B000060EEA10AF1EE10FA01D8B0EE410AF5EE2E
:103B1000C00AF1EE10FA0BDDB5EEC00AF1EE10FAB4
:103B200004D9F4EEC00AF1EE10FA01D2B0EE600A48
:103B3000DFED0A0AB5EEC00A0949F1EE10FA03D921
:103B400010EE100A884201DAB0EE600A70470000F9
:103B50002C060020C88C00206666663FCDCC4C3E0B
:103B6000CDCC4C3E094890ED0C0AB5EEC00AF1EE02
:103B700010FA02D8443090ED0D0AB5EEC00AF1EE0D
:103B800010FA01D89FED020A70470000E8050020F6
:103B900000803B4538B1012807D0022807D0032810
:103BA00007D005A0704706A0704707A0704708A07F
:103BB000704709A070470000756E6B6E6F776E00DE
:103BC0006E6F726D616C0000696E766572740000D4
:103BD0007377617000000000737761702B696E76F7
:103BE00065727400064890ED050A10EE101AB1F1E6
:103BF0007E5F02DD90ED050A70479FED020A704777
:103C00008000002000007A46094810B590ED060AB1
:103C100010EE101AB1F17E5F02DD90ED060A10BDC4
:103C2000FFF7E0FFF6EE000A20EE200A10BD0000CC
:103C3000800000201248DFED130A90ED000A1248C0
:103C400020EE200AD0ED0A0AF5EEC00AF1EE10FAD5
:103C500006DDF4EEC00AF1EE10FA01D2B0EE600A11
:103C600010EE100A094A0A49904202DAB1EE080A37
:103C7000704710EE100A8842FADD9FED060A704781
:103C8000388C00203333333F2C0600200000C04026
:103C900000002042000020422DE9F0414FF0C848CA
:103CA0000446B8F80C20A4F86420B8F80E20A4F854
:103CB0006620B8F81020A4F86820B8F81220A4F8FC
:103CC0006A20B8F81420A4F86C20B8F81620A4F8DC
:103CD0006E20B8F81800A4F8700091ED070A0120D2
:103CE0000025BCEEC00A10EE102A042A73D006DCB0
:103CF000012A09D0022A4CD0032A6DD1CBE00B2A2D
:103D00006BD00C2AF9D144E0B4F8662094F86830FE
:103D100042EA03426265D4F88830C4F8843094F8EB
:103D200080304BB191ED130AE06DB5EEC00AF1EEB3
:103D300010FA07D1101A06E084F880002846C4F86B
:103D4000885002E0801AC4F8880091ED080ABDEEA0
:103D5000C00A10EE101AB0EB610F10EE101A01DD60
:103D6000401A06E049104942884204DA10EE101A5F
:103D70000844C4F88800E265D4E91221C31710187A
:103D80005941C4E91201204607F07AF884F87F50BF
:103D9000CBE0B4F8662094F8683042EA03466665E2
:103DA000B4F86A70A4F87C70D4F88820C4F8842031
:103DB00094F880204AB191ED130AE06DB5EEC00A87
:103DC000F1EE10FA0AD1301A09E084F88000284692
:103DD000C4F8885005E07DE12AE1ABE0801BC4F81F
:103DE000880091ED080ABDEEC00A10EE102AB0EB73
:103DF000620F10EE102A01DD801A06E052105242C6
:103E0000904204DA10EE102A1044C4F88800E665E7
:103E100091ED060ABDEEC00A10EE100A70B1D4F89A
:103E20008810D4E91220CB1751185841C4E9121058
:103E3000204607F025F8B4F86C00F4E091ED130A81
:103E4000086AB5EEC00AF1EE10FA0ED10CF01CF9BA
:103E50000246A2FB070301FB073102FB0511801993
:103E600041EBE671C4E91201E2E70CF00DF90246FC
:103E7000A2FB070301FB073102FB051183194FF079
:103E8000000241EBE6711046D3EB020260EB010049
:103E9000C4E91220CCE7B4F86420C2F3032284F80A
:103EA0007F20B4F86A20B4F868301205120B42EA99
:103EB00013226265D4F88830C4F8843094F88030D6
:103EC0004BB191ED130AE06DB5EEC00AF1EE10FAB8
:103ED00007D1101A06E084F880002846C4F88850FC
:103EE00002E0801AC4F8880091ED080ABDEEC00A0D
:103EF00010EE101AB0EB610F10EE101A01DD401A2F
:103F000006E049104942884204DA10EE101A0844CB
:103F1000C4F88800E265D4E91231C217181851417B
:103F2000C4E91201204606F0ABFFA4F87C5084F8E7
:103F30007E507DE0B4F86820B4F8663002F00106E7
:103F400043EA0646666594F86A301B0243EA122784
:103F5000A4F87C70D4F88820C4F8842094F88020D9
:103F60004AB191ED130AE06DB5EEC00AF1EE10FA18
:103F700007D1301A06E084F880002846C4F888503B
:103F800002E0801BC4F8880091ED080ABDEEC00A6B
:103F900010EE102AB0EB620F10EE102A01DD801A2D
:103FA00006E052105242904204DA10EE102A1044F9
:103FB000C4F88800E66591ED060AB5EEC00AF1EE98
:103FC00010FA7DD191ED130A086AB5EEC00AF1EE40
:103FD00010FA0ED10CF058F80246A2FB070301FBC1
:103FE000073102FB0511F21780195141C4E9120192
:103FF00014E00CF049F80246A2FB070301FB07316D
:1040000002FB051183194FF0000241EBE6711046E7
:10401000D3EB020260EB0100C4E91220204606F057
:104020002FFFB4F86400000A84F87E0084F87F5003
:10403000B8F808104046A1F5FE41FF3900EE101A0D
:10404000F8EEC00A9FED640A60EE800A9FED631AE5
:1040500060EE810AC4ED000AB8F80210B4F87420CA
:10406000891A00EE901AF8EEE00A60EE800A9FEDE1
:104070005C1A60EE810AC4ED080A8188B4F87620E3
:10408000F1EE600A891A01EE901AF8EEE11A61EE7B
:10409000801A21EE811A84ED091A70EEC10AC4ED6E
:1040A0000A0AC088A0F5FE40FF3800EE900AF8EE3C
:1040B000E00A20EE800ADFED4B0A20EE200A00E045
:1040C00003E084ED060ABDE8F081D4E91231C2179D
:1040D00018188AE7B4F86820B4F8663002F07F0652
:1040E00043EA0646666594F86A301B0243EA1227E3
:1040F000A4F87C70D4F88820C4F8842094F8802038
:104100004AB191ED130AE06DB5EEC00AF1EE10FA76
:1041100007D1301A06E084F880002846C4F8885099
:1041200002E0801BC4F8880091ED080ABDEEC00AC9
:1041300010EE102AB0EB620F10EE102A01DD801A8B
:1041400006E052105242904204DA10EE102A104457
:10415000C4F88800E66591ED060ABDEEC00A10EECF
:10416000100A30B1D4F88800D4E91231C2171818F7
:1041700012E091ED130A086AB5EEC00AF1EE10FAEA
:104180000ED10BF081FF0246A2FB070301FB0731B2
:1041900002FB0511F21780195141C4E9120114E024
:1041A0000BF072FF0246A2FB070301FB073102FB83
:1041B000051183194FF0000241EBE6711046D3EB75
:1041C000020260EB0100C4E91220204606F058FE0E
:1041D000B4F86A0027E70000000080371FFDAA44FA
:1041E000D7A3AAC10000C84310B52DED048BB0EED3
:1041F000419AF0EE608AB0EE408AFFF767FC38EE35
:10420000680A012807D0F0EE490ABDEC048BBDE82E
:1042100010400AF0F7BEBDEC048B10BD0448DFED82
:10422000050A90ED070A30EE200A0AF0D5BE00001C
:10423000388C0020732CC9BF10B5294C2DED028B92
:10424000B0EE408A94ED0D0AF0EEC00A94ED120A29
:10425000B0EEC00A0BF06CF9F0EE400AB0EEC80AFE
:104260000BF066F9DFED1F0ADFED1F8AB7EE001ACB
:10427000C0EE201AF0EE680AB0EE610AFEF7BCFF4D
:10428000DFED1A0A9FED1A8A1A4894ED121A00EE11
:10429000208A90ED0E0AD4ED0D0A70EEC00A31EEC0
:1042A000400AF0EEE00AB0EEC00A0BF041F9DFED93
:1042B000120AB7EE001AC0EE201AF0EE680AB0EE4D
:1042C000610AFEF799FFF0EE400AB5EE000A30EE03
:1042D000481AB0EE480ABDEC028B00EE810A10BD10
:1042E000000000200000F042000000000AD7A33DBB
:1042F0000AD7A33C388C00200000164378B5002470
:10430000009490F83C20012A19D0012280F83C202A
:104310000A6807230568092A13D9EE680A3A02EBEE
:10432000420293409E43EE600B788A680A3B03EB9F
:1043300043039A400368DD682A43DA6010E00220F4
:1043400078BD2E6902EB420293409E432E610B78AA
:104350008A6803EB43039A4003681D692A431A6184
:104360004A681F23072A13D205686E6B521E02EBA0
:10437000820293409E436E630B790A885B1E92B261
:1043800003EB83039A4003685D6B2A435A6327E07B
:1043900005680D2A12D22E6BD21F02EB82029340C7
:1043A0009E432E630B790A88DB1F92B203EB8303D3
:1043B0009A4003681D6B2A431A6311E0EE6A0D3AB6
:1043C00002EB820293409E43EE620B790A880D3B1A
:1043D00092B203EB83039A400368DD6A2A43DA62F0
:1043E000164B0568144A9D4206D10D68122D03D163
:1043F000556845F48005556005689D4218D10B68E5
:10440000102B01D0112B13D1536843F400035360D8
:10441000096810290CD10A490A4A0968B1FBF2F16E
:1044200001EB8101490000E0491E00910029FBD108
:1044300080F83C40002078BD00230140002001406E
:104440000C03002040420F0070B504004FF000053F
:1044500003D0206C002610B107E0012070BD666417
:1044600084F83C60204600F019F8206CC00610D497
:10447000206C20F4885040F0020020642046FDF7B4
:10448000FBFD6664206C20F0020040F00100206417
:1044900000E0012584F83C60284670BD08B500683E
:1044A0000649884208D10648016841F480710160DC
:1044B000006800F48070009008BD000000200140FA
:1044C0004438024070B5044600F0F6FA0546601C18
:1044D00002D004480078044400F0EEFA401BA042E9
:1044E000FAD370BD000300202DE9F04704462248AE
:1044F0000F46017E01290AD00121804601764CF247
:1045000050394846FFF73EF8020003D02FE0022062
:10451000BDE8F0874FF0FF3038602068174D012864
:1045200001D0A6681CE0207C6168FEF79BFF48462E
:10453000FFF728F80246286820F00400286014E0FD
:10454000217C3046FEF73CFF4846FFF71BF802008F
:10455000286820F0FA00286001D03E6005E0761C53
:10456000D4E902100844B042EAD8FEF751FF002116
:1045700088F818101046CBE704A90020103C024030
:104580000348016841F000410160002070470000CD
:10459000103C02402DE9F0471B4E05461446307E84
:1045A0001F468946012808D0012030764CF2503849
:1045B0004046FEF7E7FF18B114E00220BDE8F0879F
:1045C0009DB1012D16D0022D19D022463B464846FA
:1045D000FEF76CFF4046FEF7D5FF0C490A6822F053
:1045E00001020A6000213176E8E7E1B24846FEF7B1
:1045F0004DFFEFE7A1B24846FEF76CFFEAE7214620
:104600004846FEF779FFE5E704A90020103C024088
:10461000074900200A68002A09DA054A054B0C3AC6
:104620001360054B13600968002900DA0120704708
:10463000103C024023016745AB89EFCDF0B520481F
:1046400087B00168002938D1012101601D4800248C
:10465000016841F0010101600068022500F00100DD
:1046600005901F20CDE9000502AA03260C2782E849
:10467000D0006946144800F039F94FF68070CDE952
:10468000000502AA694682E8D000104800F02EF921
:104690004CF2B370CDE9000502AA694682E8D00069
:1046A0000B4800F023F92802CDE9000502AA69466B
:1046B00082E8D000074800F019F907B0F0BD00000B
:1046C000F802002038380240001402400010024076
:1046D000000C0240001802402DE9F047B0F5005FE1
:1046E00078D10221754800F0DEF90AF0B1F874487B
:1046F000C168491CC160A0F18004A078002869D17C
:1047000004F0E2FB6F48FEF76DFD06466D48FEF7CC
:104710005FFD6C4F40EA060590376A4E97F910002E
:1047200004F5BA7800280EDD98F80000042801D0BE
:10473000022808D106F12001624891EC030A90306A
:10474000FEF72AFD05430DB1284635E05E495D4878
:10475000FFF7A2FA0AF034F998F8000000250628BD
:104760000ED007280CD001280ED0584F4FF0010969
:1047700002283CD078B305284BD0032875D07EE0C2
:10478000002006F0ABF86BE0788A20B947F6FF709E
:1047900026F8740F7080012006F0A0F8B6EE001A1B
:1047A000F6EE000AB6EE000AFFF762F8454901F19D
:1047B0009000FEF787FC18B1BDE8F04704F0E4BBB9
:1047C00097F9100000284BDD04F0B4FCE07918B133
:1047D000022107E01BE01CE0A07A10B1A5720521C0
:1047E00000E003213648F43005F06FFF38E0022086
:1047F0006071012006F072F805F010F80AF048FB2D
:10480000B87810B10120FEF751FF84F80090BDE8A0
:10481000F08704F08FFD3D70BD709FED2D0AFD8087
:1048200087ED080A87ED090A87ED0A0AFD626079BB
:10483000012802D06079022800D16571E5712572E6
:104840006572A57204F076FC1C3696EC030A0AF039
:1048500075F8002006F042F898F80000052802D00C
:104860002570D4E701E00021BCE704F063FC0120DF
:1048700006F034F812480421F43005F026FF012038
:1048800006F02CF8607801280BD0607804280FD04F
:10489000607803280FD004F0C1FF00BF0AF0F8FAD7
:1048A000B3E7D4ED0F0A94ED0E0AFDF785FDF5E7A9
:1048B00005F0CAFDF2E705F09DFCEFE700100240AD
:1048C00080000020388C00202C0600204C45002061
:1048D00000000000044910B50A68024202D00860D6
:1048E000FFF7FAFE10BD0000143C01402DE9F84F1F
:1048F000DFF87CB100224FF001084FF0030A4FF0BF
:104900000F090BF1040E00BF0B6808FA02F42340F4
:10491000A3426ED14D68022D01D0122D0ED1D508C3
:1049200000EB850CDCF820505607F70E09FA07F665
:10493000B5430E69BE402E43CCF820600668550092
:104940000F790AFA05FC07F0030726EA0C06AF40C8
:10495000374307604E68012E05D0022E03D0112E7A
:1049600001D0122E0ED18668CF6826EA0C06AF4021
:10497000374387604668A6430C79C4F3001494401B
:1049800034434460C6688C6826EA0C06AC40344365
:10499000C4604C68E40065D5364C256845F4804514
:1049A0002560246822F0030504F480440094324C0E
:1049B0002E19D6F8084895072F0F09FA07F5AC43CA
:1049C0002E4DA84201D1002524E02D4DA84201D151
:1049D00001251FE02B4DA84201D102251AE02A4DE6
:1049E000A84201D1032515E0284DA84202D1042593
:1049F00010E037E0264DA84201D105250AE0254DFB
:104A0000A84201D1062505E0234DA84201D1072582
:104A100000E00825BD402543C6F80858DBF80040F3
:104A20005D464E689C43F60300D51C432C60DEF8BF
:104A3000004075464E689C43B60300D51C432C606D
:104A40000B4D08352C684E689C43F60200D51C437C
:104A50002C60074D0C352C684E689C43B60200D57F
:104A60001C432C60521C102AFFF44EAFBDE8F88F97
:104A7000003C014044380240003001400000024048
:104A80000004024000080240000C024000100240F6
:104A90000014024000180240001C02400069084057
:104AA00000D00120704742694A40426170470AB114
:104AB000816170470904FBE7014880687047000086
:104AC0000003002002488168027811448160704729
:104AD000000300200B4810B5016841F4007101602B
:104AE000016841F480610160016841F480710160F6
:104AF000032000F097F8002000F006F800F024F8FA
:104B0000002010BD003C024070B50D4D04464FF42E
:104B10007A712878B1FBF0F00A490968B1FBF0F02E
:104B200000F0D0FF48B9102C07D200222146501EB9
:104B300000F058F800206C6070BD012070BD0000CE
:104B4000000300200C0300201F4808B5016841F451
:104B500080410160006800F4804000901A48001F06
:104B6000016841F080510160006800F080500090C1
:104B7000032000F057F8002211466FF00B0000F000
:104B800031F8002211466FF00A0000F02BF80022E5
:104B900011466FF0090000F025F800221146501F61
:104BA00000F020F800221146101F00F01BF8002230
:104BB0001146901E00F016F80022BDE8084011468C
:104BC000501E00F00FB800004438024000F01F02F1
:104BD000012191404009800000F1E020C0F800115F
:104BE00070470000F0B40E4B1B680C46C3F3022361
:104BF000C3F10705042D00D90425191D072901D289
:104C0000002300E0DB1E012606FA05F1491E2140C3
:104C100099409E40761E16403143F0BC03F0EABF37
:104C20000CED00E0064900F0070208684FF6FF03AC
:104C3000184040EA0220034A104308607047000011
:104C40000CED00E00000FA050068416200207047AA
:104C5000F0B500680023446A31B1856A4FF482766A
:104C600004EB15444D1E0AE044EA024181620FE064
:104C700006EB8307C7595B1C04EB1744DBB2AB425E
:104C8000F6DB4FF4807303EB810144EA02424250A9
:104C90000020F0BDD0F8EC0306F086BEC1EBC102E7
:104CA00000EB8202D0F8EC03526C06F0F3BDC1EBCE
:104CB000C10200EB8202D0F8EC03D2F8042206F025
:104CC0003EBED0F8EC0306F071BE10B504460A46AD
:104CD0000B0601F07F00C0EBC00104EB810101D5A0
:104CE000383101E001F5FC710870D009487094F882
:104CF000B803012809D0012084F8B803206807F020
:104D000097F9002084F8B80310BD022010BD70B5DB
:104D10000A460446090602F07F0005D5C0EBC00133
:104D200004EB8101383105E0C2EBC20104EB8101E3
:104D300001F5FC7100258D700870D009487094F859
:104D4000B803012809D0012084F8B803206807F0CF
:104D500028FD84F8B853002070BD022070BD01F01A
:104D60000F01C1EBC10100EB8100B0F8100280B26D
:104D7000704770B504460D460E0601F07F00C0EB8B
:104D8000C00104EB810101D5383101E001F5FC716E
:104D9000ED0908704D708A60CB7000D0C880002586
:104DA000022B00D10D7194F8B803012809D001201D
:104DB00084F8B803206807F08FF8284684F8B853C1
:104DC00070BD022070BD70B50C4601F07F05C5EBCB
:104DD000C50100EB8101C1F80C32C1F804220023A7
:104DE000C1F8103281F8F93181F8F851036901F501
:104DF000FC71012B00D10A616206027C006803D0BD
:104E000007F030FD002070BD07F00CFCFAE770B52C
:104E10000D460446090605F07F0005D5C0EBC0012C
:104E200004EB8101383105E0C5EBC50104EB8101DC
:104E300001F5FC7101228A700870E809487094F845
:104E4000B803012807D084F8B823206807F0DBFCFA
:104E5000680602D007E0022070BD217C04F56F7265
:104E6000206807F07FFC002084F8B80370BD70B59F
:104E70000C4601F07F05C5EBC50100EB8101CB6459
:104E80004A6400230B65012381F8393001F8385F4B
:104E90000369012B00D10A616206027C006803D01D
:104EA00007F0E0FC002070BD07F0BCFBFAE7000053
:104EB0002DE9F84F044600680026054607F026FE57
:104EC000002875D1206808F0E8FD002870D020681F
:104ED00008F0E3FD800704D52068416901F0020174
:104EE0004161206808F0D9FD010304F56F704FF0AF
:104EF000010B4FF0000A00904DD5206808F0AFFD7F
:104F0000074646E0F80742D0F1B2206808F0BDFD40
:104F10008046C00728D005EB4612C2F808BB2069BE
:104F2000012811D1C6EBC60004EB8001D2F8102B8A
:104F3000D1F80002C2F31202821AC1F81022D1F88D
:104F400004221044C1F80402F1B22046FFF7AFFE7C
:104F50002069012808D13EB9D4F80C0220B9206894
:104F60000121009A07F0FEFB5FEA087007D5204692
:104F700000F0DCFA05EB46110820C1F8080B5FEAE7
:104F8000C86004D505EB46111020C1F8080B7F0856
:104F9000761C002FB6D1206808F07FFD40034FF04B
:104FA00040095ED5206808F053FD0746002656E00C
:104FB000D2E1F80751D0F1B2206808F057FD8046E1
:104FC000C00724D0D5F834280BFA06F08243C5F880
:104FD000342805EB4610C0F808B92069012807D12C
:104FE000C6EBC60004EB8000D0E910121144416406
:104FF000F1B22046FFF752FE2069012807D136B9E9
:10500000E06C20B920680121009A07F0ABFB5FEA51
:10501000087004D505EB46110820C1F808095FEABD
:10502000C86004D505EB46111020C1F808095FEAF5
:10503000486003D505EB4611C1F808995FEA88700E
:1050400004D505EB46110220C1F808095FEA0860A3
:1050500003D53146204603F0E3FD7F08761C002F80
:10506000A7D1206808F019FD00280DDAD5F804084A
:1050700020F00100C5F80408204600F03DFA216840
:10508000486900F000404861206808F006FD00050E
:105090000BD5D5F80808C00702D0204600F062FA08
:1050A0002068416901F400614161206808F0F5FC65
:1050B000C0044CD5D5F8040820F00100C5F8040858
:1050C0001021206807F0F2FC0020FF2107E000BF5C
:1050D00005EB4012C2F80819C2F8081B401C6268B0
:1050E0008242F5D84FF0FF30C5F81808D5F81C08F3
:1050F00040F00110C5F81C08206B60B1D5F8840899
:1051000040F00B00C5F88408D5F8440840F00B00C7
:10511000C5F844080BE0D5F8140840F00B00C5F8BA
:105120001408D5F8100840F00B00C5F81008D5F8A1
:10513000000820F4FE60C5F80008217C2068009A71
:1051400007F010FB2168486900F48050486120682E
:1051500008F0A3FC80047DD5206806F0FDFE2068E1
:10516000C16821F47051C160206807F0B1FC78B1CA
:105170000320C4F81490E06000F0A4FA7749784A5C
:10518000014491420AD22068C16841F4705158E04C
:105190004FF40070C4F80CA0606136E07149724AA7
:1051A0000144914204D22068C16841F4605148E052
:1051B0006E496F4A0144914204D22068C16841F4AB
:1051C00050513EE06B496C4A0144914204D2206840
:1051D000C16841F4405134E06849694A0144914250
:1051E00004D22068C16841F430512AE06549664A1A
:1051F0000144914204D22068C16841F4205120E06A
:105200006249421862498A4204D22068C16841F466
:10521000105116E05F49604A0144914204D220686F
:10522000C16841F400510CE05C4908445C49884283
:105230002068C16803D241F4E05102E00AE041F481
:10524000C051C160204600F047F92068416901F46F
:1052500000514161206808F020FCC00636D5216865
:10526000886920F010008861D5F8208008F00F00D0
:10527000C0EBC00004EB8007C8F3434007F5FC77A0
:10528000022802D0062812D01BE047F6F07018EA78
:10529000000F16D0C8F30A1290462846F96808F0A5
:1052A00000FCF8684044F860B869404408E008220F
:1052B0002846009908F0F5FBB969C8F30A100844BC
:1052C000B8612068816941F010018161206808F0AF
:1052D000E4FB000707D5204600F012F92068416979
:1052E00001F008014161206808F0D7FBC00208D531
:1052F000F1B2204600F056F82068416901F48011AF
:105300004161206808F0C9FB800208D5F1B220464F
:1053100000F04CF82068416901F4001141612068F7
:1053200008F0BBFB400007D52046FFF7B3FC206820
:10533000416901F080414161206808F0AEFB4007FF
:105340000AD520684568680702D52046FFF7B9FCF2
:105350002068416829434160BDE8F88F405327FF2A
:1053600000350C00401E1BFF40420F0000DC0BFF0D
:10537000804F1200808CF9FE20D6130060B6E5FE47
:1053800060E3160000D3CEFE40771B00C05BB3FE87
:10539000C091210000CA91FE20753800E05459FEEA
:1053A000E09C4100D0F8EC0306F05EBBD0F8EC03C3
:1053B00006F05CBBF0B58BB004004FF0000556D092
:1053C000032084F8B903204600F054F8206806F062
:1053D0004BFF04F1100128220F466846FBF7EBF85B
:1053E00094E80F0006F0D2FD0021206808F0E6FFE7
:1053F00001260020C5EBC50104EB810181F839606D
:1054000001F8385FCD80C8708860C8606D1C486145
:105410000F2DEFD300214FF4827300BFC1EBC10207
:1054200004EB820203EB810582F8F90182F8F8119E
:10543000D18782F8FB01C2F80002C2F80402C2F868
:105440000C0222685051491C0F29E7D32822394603
:105450006846FBF7B0F894E80F0006F065FE84F8A4
:10546000B963206806F054FE00200BB0F0BD0120A7
:10547000FBE7000000B5006887B0B0F1A04F25D170
:105480004FF4C050009002200190002002900320B1
:1054900003900A20049069460D48FFF727FA0D484B
:1054A000016841F0800101600A481030016841F450
:1054B000804101600068002200F4804005901146A0
:1054C0004320FFF78FFB4320FFF780FB07B000BDB1
:1054D000000002403438024010B50446C068012183
:1054E00000B90021D4F8EC0306F016FBD4F8EC0365
:1054F000BDE8104006F0DFBAD0F8EC0306F0FABAC7
:10550000D0F8EC0306F0FCBA10B5044690F8B803E6
:10551000012809D0012084F8B803206808F064FF4E
:10552000002084F8B80310BD022010BDD0F8EC2391
:1055300000F56F71104606F002BB10B5044690F8F6
:10554000B80301280CD0012084F8B803206806F0C5
:10555000D3FD206807F094FA002084F8B80310BD4A
:10556000022010BD10B50446D0F8EC0306F034FB61
:105570002068D0F8001E41F00101C0F8001E206A2A
:10558000002804D00248016841F00601016010BD06
:1055900010ED00E02DE9F0470E46050065D0DFF87C
:1055A0001481D8F80000F7B200F00F00B04207D223
:1055B00088F80070D8F8000000F00F00B04254D115
:1055C00028683D4C810712D5400703D5206840F478
:1055D000E05020602878000703D5206840F4604040
:1055E00020602068A96820F0F00008432060287837
:1055F000C0072DD0304968680839012812D0022828
:1056000013D0032811D00968890700292DDA2168F1
:1056100021F0030101432160FFF74EFA814641F278
:10562000883A0EE009688903EFE709688901ECE729
:10563000FFF742FAA0EB0901514502D90320BDE86A
:10564000F0872068696800F00C00B0EB810FEFD1A3
:10565000D8F80010404601F00F01B14207D9077099
:10566000006800F00F00B04201D00120E7E7287881
:10567000400705D52068E96820F4E0500843206021
:105680002878000706D52068296920F4604040EAA0
:10569000C100206000F01CF82168084AC1F3031122
:1056A000515CC840064908600020FFF72DFA002031
:1056B000C5E70000003C0240083802401E01010816
:1056C0000C03002001480068704700000C03002014
:1056D000154810B5006810F00C02144813D0144996
:1056E000042A0FD0082A0ED10F4C241F22682368E9
:1056F00002F03F025B0207D52068C0F38810A0FBD0
:10570000010106E0084610BD2168C1F38811A1FB24
:1057100000010023FAF778FE2168C1F30141491C1A
:105720004900B0FBF1F010BD083802400024F4003D
:1057300040787D012DE9F84F050076D02878DFF814
:10574000F8B2BE4CC00749D0DBF800105846C1F390
:105750008101012908D00068C0F3810002280AD124
:10576000201D0068400206D52068800336D5686891
:105770000028E2D032E06868B0F5803F10D0B0F584
:10578000A02F206810D020F480302060206820F402
:10579000802020606868A0B1FFF78EF906460CE013
:1057A000206840F48030F4E740F480202060F7E780
:1057B000FFF782F9801B642873D820688003F7D52F
:1057C0000CE0FFF779F9064605E000BFFFF774F932
:1057D000801B6428F0D820688003F7D42878DFF88D
:1057E000608280074FF000093ED5DBF80010584674
:1057F00011F00C0F09D00068C0F3810002280BD112
:105800008D48001F0068400206D42068800715D527
:10581000E868012809D111E0E868B8B10120C8F8AA
:105820000000FFF749F9064605E002E1FFF744F9F9
:10583000801B0228C0D820688007F7D52068296916
:1058400020F0F80040EAC10020600DE0C8F80090A8
:10585000FFF732F9064604E0FFF72EF9801B022815
:105860001FD820688007F7D42878000722D5724E09
:10587000744869696C3671B101210160FFF71CF948
:10588000074604E0FFF718F9C01B022809D8306862
:105890008007F7D50EE0C0F80090FFF70DF9074636
:1058A00005E083E0FFF708F9C01B02287ED83068C6
:1058B0008007F7D42878400768D5DFF87CA1002757
:1058C0000AF1380ADAF80000C0000BD4DAF8001048
:1058D00041F08051CAF80010DAF80000012700F00A
:1058E00080500090584E3068C00510D4306840F4A5
:1058F00080703060FFF7E0F8009005E0FFF7DCF81B
:105900000099401A022851D83068C005F6D54A4E91
:10591000A868683601280FD00528306810D020F01C
:1059200001003060306820F004003060A868B8B131
:10593000FFF7C2F800900FE0306840F00100F4E794
:1059400040F004003060F7E7FFF7B6F80099411A1D
:1059500041F28830814264D830688007F4D50EE087
:10596000FFF7AAF8009007E0FFF7A6F80099411AA0
:1059700041F28830814254D830688007F4D42FB186
:10598000DAF8001021F08051CAF80010A869C0B3FD
:10599000DBF80010C1F3810102294AD002284846F1
:1059A00007D0C8F86000FFF787F800E039E0054647
:1059B0003AE04746C8F86000FFF77EF8064604E084
:1059C000FFF77AF8801B02282BD820688001F7D4D3
:1059D000D5E907010843A96A1C4A490802EB0141BD
:1059E0006A6A41EA8211084395F82C1040EA016185
:1059F0001148001F016001203866FFF75DF8054679
:105A000005E014E0FFF758F8401B022809D8206889
:105A10008001F7D50BE000BFFFF74EF8401B0228CE
:105A200002D90320BDE8F88F20688001F4D400205B
:105A3000F8E70120F6E7000008380240003802408D
:105A400000004742800E4742007000400000FFFF08
:105A500070B515460E46040003D094F8490010B105
:105A600007E0012070BD002084F84800204600F0C7
:105A70001AF804F108012068FDF7CCFD3146A26850
:105A80002068FDF7F1FDD4E901022946236BFDF7FB
:105A9000A1FDA168206850F8212042F0010240F8E1
:105AA0002120002070BDFEF7C9BD4FF0E021042881
:105AB000086903D020F004000861704740F004003A
:105AC000FAE7704710B5401EB0F1807F01D3012086
:105AD00010BD4FF0E02460610F21601703F08AF8D9
:105AE0000020A06107202061002010BD10B5FFF745
:105AF000E8FF10BD10B590F83820012A25D001220A
:105B000080F83820CA688C6822F4407222434C68BE
:105B100022F4806222430C6822F4006222430C6962
:105B200022F4805222434C6922F4005222438C69B1
:105B300022F48042224322F40041026800232143E0
:105B4000516480F83830002010BD022010BD30B5FF
:105B500090F83820012A20D0012280F83820022332
:105B600080F8393003685C6824F070045C60036876
:105B70005C680D682C435C6003689C6824F08004BA
:105B80009C6003689C6849680C439C6080F83920DD
:105B9000002180F83810084630BD022030BD10B515
:105BA00004460068042205F0A2FA2068416C41F422
:105BB000004141642068016841F00101016000205A
:105BC00010BD10B504460068002205F090FA206868
:105BD000036A41F211110B4240F2444206D1036ABA
:105BE000134203D1436C23F4004343642068036AE7
:105BF0000B4206D1016A114203D1016821F0010173
:105C00000160002010BD10B5040003D094F83900E5
:105C100010B107E0012010BD002084F838002046B4
:105C200000F00CF8022084F83900211D206805F0EE
:105C3000F3F9012084F83900002010BD00B5006898
:105C40000D4987B0884215D10C480021026842F006
:105C500002020260006800F002000590012000903E
:105C60000220CDE901010320CDE903106946044873
:105C7000FEF73CFE07B000BD00040140443802407E
:105C800000000240F0B500681A49002402251A4FAE
:105C900085B0884209D140140090CDE9015401201B
:105CA000CDE90340694638461FE0144988421ED1B9
:105CB00080200090CDE901540326CDE903466946D2
:105CC0000F48FEF713FE0096CDE90154CDE90346D7
:105CD00069463846FEF70AFE4FF470700090CDE931
:105CE0000154CDE9034669460648FEF7FFFD05B0BD
:105CF000F0BD00000000014000040240000401402B
:105D0000000002400008024070B5044690F83800D8
:105D10000D4601280DD0012684F83860022084F851
:105D2000390042B1042A18D0082A2AD00C2A4DD1B1
:105D300039E0022070BD206805F0EEF92068816925
:105D400041F0080181612068816921F004018161CD
:105D5000206881692A69114311E0206805F008FA7A
:105D60002068816941F4006181612068816921F4C2
:105D700080618161206881692A6941EA022181612B
:105D800024E0206805F026FA2068C16941F0080186
:105D9000C1612068C16921F00401C1612068C16945
:105DA0002A69114311E0206805F044FA2068C169AE
:105DB00041F40061C1612068C16921F48061C16161
:105DC0002068C1692A6941EA0221C16184F8396009
:105DD000002084F8380070BD10B5040003D094F89A
:105DE000390010B107E0012010BD002084F8380010
:105DF000204600F00DF8022084F83900211D2068AB
:105E000005F00AF9012084F83900002010BD0000D7
:105E100008B500680649884208D10648016841F083
:105E200001010160006800F00100009008BD000061
:105E3000000001404438024010B5044600680122C9
:105E400005F04AF908492068884202D0074988428B
:105E500003D1416C41F4004141642068016841F084
:105E600001010160002010BD00000140000401405C
:105E700010B504460068002205F02EF9114841F2E1
:105E8000111221689310814202D00F48814209D13A
:105E9000086A104206D1086A184203D1486C20F4FF
:105EA000004048642068016A114206D1016A194223
:105EB00003D1016821F001010160012084F839005B
:105EC000002010BD000001400004014070B50446F0
:105ED00090F83800012818D0012584F838500220A5
:105EE00084F83900204605F0CDF92068C16821F01A
:105EF0004001C1602068C16821F48041C16084F81C
:105F00003950002084F8380070BD022070BDFEE7D3
:105F10004FF480110165002180F879104FF47A5216
:105F2000A0F87220042280F87A2047F6FF72A0F8C9
:105F30007420A0F87620026EC0F888109FED0B0A3E
:105F40008265C0F8841080ED0D0A80ED0E0A0023F2
:105F5000C0E9121380ED100A80ED0F0A80ED070AE8
:105F600080F88010C16541657047000000000000A6
:105F700070B50C462DED028BB0EE408A050027D09F
:105F8000002C25D0B5EEC08AF1EE10FA20D995ED9F
:105F9000000AD4ED000A20EE000A00EEA00A68EE26
:105FA000080AB4EEE00AF1EE10FA11D909F066FC25
:105FB000F0EE400A88EE200AD5ED000A60EE800A75
:105FC000C5ED000AD4ED000A20EE800A84ED000A37
:105FD000BDEC028B70BD000070B51C49F0EE080AE4
:105FE000B1EE040AD1ED211AF5EEC01AF1EE10FA65
:105FF0000ADD91ED221AB5EEC01AF1EE10FA03DBBC
:10600000F0EE610AB0EE410A114C002804F13405AB
:10601000C4ED020AC5ED020A84ED030A85ED030A08
:1060200013D0216B20468847296B284688479FED6F
:10603000090A84ED010A85ED010A84ED0A0A85ED5D
:106040000A0A84ED060A85ED060A70BD7C4500202B
:10605000E00100200000000010B544213448FAF7A8
:10606000DCFA334884214430FAF7D7FA3048B7EEE7
:10607000000ADFED320A80ED010A9FED2E0A9FED46
:10608000331A80ED020AB6EE000A80ED070A9FED92
:106090002A0ADFED301A80ED030AC0ED040ADFEDB5
:1060A000280A2F49C0ED050AC0ED060ADFED250AD2
:1060B000C0ED0A0AC0ED0B0ADFED230AC0ED0C0AA1
:1060C00080ED0E0A80ED100A443080ED001A9FED3D
:1060D000201A80ED011AB0EE081A80ED071AC0ED03
:1060E000081ADFED1D1AC0ED091ADFED1C1AC0ED0C
:1060F0000A1AC0ED0D0AF1EE000AC0ED0B0A80EDA0
:10610000101AF1EE040AC0ED110A80ED130A002006
:106110004870144948718871803188660448443059
:1061200008F02EFDBDE81040014808F0B3BA0000A9
:10613000E8050020CDCC4C3D0000000000004842A6
:106140006F12833A00007A4400803B45CDCCCC3FAF
:10615000CDCC4C4000008049000048430000B642CE
:106160004C4500200000002010489FED111AD0ED92
:10617000100A90ED110AF5EEC00AF1EE10FA01D204
:10618000F0EE410AB5EEC00AF1EE10FA01D2B0EE1F
:10619000410A084800F13401C0ED020AC1ED020ACB
:1061A00080ED030A81ED030A704700002C060020F1
:1061B00000000000E001002030B5002305E000BF32
:1061C00050F8234041F823405B1C9342F8D330BD84
:1061D00010B5324CA6B025212046FDF7D3FA002891
:1061E00033D0252269462046FFF7E6FF9DED000AE1
:1061F000DFED2B0A4FF07C5130EE600AB0EEC00AA2
:1062000010EE100A88421FDC9DED010AF7EE000A2D
:1062100030EE600AB0EEC00A10EE100A884213DCBD
:106220009DED030AF6EE000A30EE200ABCEEC00A2D
:1062300010EE101A881E202806D29DED020AB5EE37
:10624000C00AF1EE10FA02D8002026B010BD1548A1
:10625000154A6B4680ED1F0AA0F5006080F8801893
:1062600000200AE003EB800494ED040A02EB8004B2
:1062700004F52054401C84ED210A8842F2D39FED9E
:106280000B0A212807D202EB800101F52051401CA6
:1062900081ED210AF5E701209070D6E700000E0895
:1062A000006B5347308B002030630020000000005B
:1062B0002B48A0F52053D0ED1F0A997851B1A0F5D5
:1062C000006191F88018022904D3F5EEC00AF1EEBE
:1062D00010FA02D89FED230A7047B1EE601AB4EEAF
:1062E000C10AF1EE10FA02D890ED210A70471E485B
:1062F0004FF42252B4EEE00A125CF1EE10FA00EB19
:10630000820202F5205214DAB0EE001A30EE200AB2
:1063100020EE811A491EC0EE010A00EE101AB8EEF6
:10632000400A20EE800AFCEEC00A10EE900A81427C
:1063300002D892ED200A704700EE900A03EB80002D
:1063400000F52050F8EE600A90ED221A70EE600A17
:1063500090ED210A31EE401A01EE200A704700004C
:10636000308B002000000000306300207FB5124811
:106370001049002401604FF48031C0E90114046128
:1063800084610E490462C0E90A140125C460C56134
:1063900045610463FEF758F800B1FEE71020CDE92F
:1063A0000005694602940448FDF7A8FF002800D0C4
:1063B000FEE77FBD00200140880400200100000F9F
:1063C0002DE9F04F2B4887B04FF02046DFF8A8802A
:1063D00000240660C0E901841025C460C0E90445BA
:1063E0008461C4614FF4805A0462C0E9094AC462FE
:1063F000046344638463446401270F20CDE9007083
:1064000046204FF00609CDE902094FF0110B049523
:10641000CDE905B4002269461648FFF719FB00B123
:10642000FEE71448022150300022C0E90214C0E9FE
:1064300004458461C4610462C0E9094AC46204631A
:10644000446384634464C0E900680F20CDE90070B0
:10645000CDF80890CDE905B40648CDE90375694645
:106460005030FFF7F5FA002800D0FEE707B0BDE88E
:10647000F08F000048050020040100A02DE9F04F36
:10648000814887B00024016841F010010160016873
:1064900001F010010591016841F0200101600168DF
:1064A00001F020010591016841F08001016001685F
:1064B00001F080010591016841F00401016001686B
:1064C00001F004010591016841F0010101600168DA
:1064D00001F001010591016841F0020101600168CC
:1064E00001F002010591016841F04001016001687D
:1064F00001F040010591016841F008010160006868
:10650000DFF8889100F00800059001220421484638
:10651000FEF7CDFADFF878A14FF480470022394624
:106520005046FEF7C4FADFF86CB1002240F60501D0
:106530005846FEF7BCFA002244215748FEF7B7FA46
:106540004FF40058012241465846FEF7B0FA0122A6
:106550004FF4C0715148FEF7AAFA002279114F4852
:10656000FEF7A5FA002203214846FEF7A0FA072607
:1065700001250096CDE90154694648460394FEF78B
:10658000B5F947480096CDE9010469464548FEF74C
:10659000ADF94FF4CE60CDE900046946424802945B
:1065A000FEF7A4F9E802CDE90004694650460294DA
:1065B000FEF79CF93D48CDF80080CDE9010469461D
:1065C0005046FEF793F90097CDE9015469465046CD
:1065D0000394FEF78BF942F605000090CDE90154D3
:1065E000694658460394FEF781F944F26000CDE90C
:1065F0000004694629480294FEF778F94420009087
:10660000CDE90154694624480394FEF76FF9082048
:10661000CDE90004694620480294FEF767F94FF47B
:106620005440CDE90004694658460294FEF75EF9ED
:10663000F0010090CDE90154694618480394FEF733
:1066400055F9002201210620FEF7CCFA0620FEF7BC
:10665000BDFA002202210720FEF7C4FA0720FEF748
:10666000B5FA002202210820FEF7BCFA0820FEF746
:10667000ADFA002211462820FEF7B4FA2820FEF7D2
:10668000A5FA07B0BDE8F08F303802400010024094
:106690000014024000180240000C024000040240B6
:1066A000000021100008024000000240000011100C
:1066B00030B51E481C4991B00024602580E83200A6
:1066C00042F60411C0E903144461FFF785FB00B1F1
:1066D000FEE70E940EA915480F94FFF738FA00B1A3
:1066E000FEE7CDE900540820CDE90240049405946A
:1066F000002269460D480694FFF706FB00B1FEE74D
:106700000794089409944FF400500A94CDE90B4083
:1067100007A906480D94FFF7EDF900B1FEE703481D
:10672000FFF7B0FA11B030BD00000140D0040020E6
:1067300030B53448324995B00024602580E83200F5
:1067400042F60411C0E903144461FFF75CFA00B19A
:10675000FEE72C48FFF740FB00B1FEE704200E9057
:1067600070200F904FF40040CDE910040EA9254889
:106770001294FFF7ABFB00B1FEE7139413A9214875
:106780001494FFF7E4F900B1FEE702200095CDE98B
:1067900001400820CDE90304059400226946194808
:1067A0000694FFF7B1FA00B1FEE7042269461548E6
:1067B000FFF7AAFA00B1FEE7082269461148FFF781
:1067C000A3FA00B1FEE70C2269460E48FFF79CFAD7
:1067D00000B1FEE70794CA200894CDE909404FF4C0
:1067E0000050CDE90B4007A906480D94FFF782F948
:1067F00000B1FEE70348FFF745FA15B030BD0000D1
:10680000000401400C05002010B500220849094889
:1068100005F00BF80849074805F00BFA0749054849
:1068200004F052FEBDE81040024805F04FBA0000E7
:10683000B4020020F0900020F0030020E8020020C5
:10684000FEE7B5EEC00AF1EE10FA01DAB1EE400A49
:106850007047002809D00170002180F84810C164F9
:106860000165A0F88C1180F84A10704730B5039C80
:1068700060B159B153B10578042D03D090F845505B
:10688000642D03D3072A01D9202C01D8002030BD64
:10689000D0ED190A9FED1E0A9FED1E1A60EE800AC8
:1068A000C3ED020AD0ED1A0A60EE810AC3ED030AB5
:1068B000D0ED1B0A60EE800AC3ED040AD0ED1E0A7B
:1068C00060EE800AC3ED050AD0ED1D0AC3ED0B0A88
:1068D000D0ED1F0A20EE800A83ED200A90ED210AF8
:1068E00083ED100A90ED220A83ED110A90ED230A40
:1068F00081ED050A90ED240A81ED060A90ED250A46
:1069000081ED020A90ED260A012081ED070A30BDD3
:1069100000007A4400247449002807D000F8451F7D
:106920000121417041710021A0F847117047B4EE78
:10693000E00AF1EE10FA02D2B0EE600A7047B4EE4F
:10694000C10AF1EE10FAF9DDB0EE410A70470028F5
:1069500017D0002180F8461080F84A10A0F88C115A
:106960000178012907D002290BD190F8481003299A
:1069700007D1FFF76EBF90F84810042901D102211A
:10698000F7E7704770B514462DED048B0E460500F1
:10699000B7EE008A43D0002C41D095ED130AD5ED17
:1069A000170AB8EE400A20EE209A00F0FDFADFED5B
:1069B0001D0A284660EE208A00F0F6FA9FED1A1AAA
:1069C000F0EE400A284681EE200A01F07FFE60B119
:1069D000E96C814209D200EE101AF8EE400A00EE8E
:1069E000100AB8EE400A80EE808A01209FED0F0A5F
:1069F000207084ED010A28EE890A08F077FED5EDB3
:106A00003F0A304660EE880A20EE200A84ED020A32
:106A100000F00EF884ED050A002084F82000BDEC9B
:106A2000048B70BDDB0FC9403333B33E0000000060
:106A3000B1EE000A002812D0D0ED0A0A0C4910EE7F
:106A4000900AB0F17E5F0ADD9FED0A0A20EE800A0F
:106A500010EE100AB0F1804F02DAB0EE000A704773
:106A600010EE100A8842FADDB2EE080A7047000004
:106A7000000040419A99993E10B504462DED048BD3
:106A80009FED248ADFED249A9FED249ADFED248A7E
:106A900041B191ED0F0AB5EEC00AF1EE10FA01DD39
:106AA000B0EE408A02F09EF828B19FED1E9ADFED0D
:106AB0001E8AF6EE009A68EE290A7CB194ED180A57
:106AC000B5EEC00AF1EE10FA08DD20EE090AB4EEC8
:106AD000E00AF1EE10FA01D2F0EE400A10EE900A50
:106AE00012499FED131A884201DAF0EE410A28EEAE
:106AF000280A10EE100A884201DAB0EE410AB4EE1C
:106B0000E00AF1EE10FA01DDB0EE600ABDEC048B94
:106B100010BD00006666E63E9A99993EAE47613E1A
:106B20008FC2F53D3333B33EEC51383E0AD7A33D17
:106B30000AD7A33D70B504002DED088BDFED738AF5
:106B4000B0EE688A25D0D4F87801102871D3D4F833
:106B50007C0110286DD394ED410AB5EEC00AF1EE28
:106B600010FA1ED194ED540AD4ED560A20EE209A64
:106B7000B0EE490AFFF765FE10EE100A644988423C
:106B80006DDDB5EEC09AF1EE10FA06DBB7EE000A45
:106B900005E00020BDEC088B70BDBFEE000A84ED5F
:106BA000410A94ED56AAD4ED579A1AEE100A7AEEDD
:106BB00069AA08F07FFAE0B319EE900A08F07AFAB1
:106BC000B8B3B0EE4A0AFFF73CFE10EE100A4FF0E1
:106BD0007C55A84243DBB0EE690AFFF732FE10EEA7
:106BE000100AA8423BDB1AEE900A08F063FA00B3E1
:106BF000B0EE6A0AFFF725FE10EE100AA8422EDB5F
:106C000094ED5E0AD4ED540AD4ED551AB8EE400A5C
:106C100080EE801A94ED5F0AB8EE400AC1EE800A59
:106C200094ED410AD4ED401A20EE210A20EE01BA7B
:106C300000E014E060EE20BA3BEE6B0A80EE2A9A88
:106C400019EE100A08F036FA48B1B5EEC09AF1EE26
:106C500010FA04D919EE100AB0F17E5F04DD0421A8
:106C6000204601F0A1FD94E7204600F053F9F0EE34
:106C700040AA204600F0E4F8F0EE400AB6EE000A22
:106C80007AEEA00A09EE4ABA49EE69BA9FED211AD6
:106C900060EE800A60EE81AA7BEE2B0A20EE800A6D
:106CA00010EE100A6FEAD05010F0FF0F1CD0FFF763
:106CB000C8FD00BF1AEE900A1749884206DDB5EEFE
:106CC000C00AF1EE10FA01DD80EE2A8A18EE100AF1
:106CD00008F0F0F9114920B1B5EEC08AF1EE10FAD2
:106CE00005D2B0EE688A08E0B0EE680AE2E718EE76
:106CF000100A884201DDB2EE048A84ED1E9A84ED0A
:106D00001F8AC4ED208A012044E700000000000033
:106D1000BD3786355077D63D6F12833A000020414B
:106D200070B50D462DED048B040074D094ED080A67
:106D30009FED3A1AF6EE000AFFF7F9FD9FED388A4B
:106D40009FED381ADFED380A60EE089A94ED090AD3
:106D5000FFF7EDFD20EE089A204601F0AFFE94ED1E
:106D60001E8AB5EEC08AF1EE10FA02D80DB195ED8B
:106D7000108AB5EEC08AF1EE10FA01D89FED2B8A89
:106D8000D4ED1D8A18EE900AB0F17C5F01DCF7EEBD
:106D9000008A94ED1C0AB2EE041ADFED250AFFF713
:106DA000C6FDF7EE080A28EE291A68EEA00A20EEC2
:106DB000200AC1EE000AB5EE000A29EE800AC4EDF1
:106DC000230A20EE800A84ED240A15B195ED0E0AFF
:106DD00001E09FED180A9FED181AF7EE000AFFF781
:106DE000A6FD9FED161A6420C1EE000AB0EE000A5F
:106DF00029EE000A20EE200A84ED250A29EE090A70
:106E000020EE200A84ED260A84F845000420207034
:106E1000002084F84400BDEC048B70BD0000FA43F0
:106E2000DB0FC9400000C842CDCCCC3D17B7D138EC
:106E3000ACC52737000000000000804B0000704206
:106E400010B504002DED068BB0EE409AB3EE040AA7
:106E5000DFED2AAA39EE008ADFED299A9FED29AAF3
:106E600023D094ED0F0AFFF7ECFC10EE100AB0F1FE
:106E70007E5F39DAD4ED1D8A18EE900AB0F17C5F9E
:106E800001DCF7EE008A94ED050AFFF7DAFCDFED8E
:106E90001E0A60EE200A80EEA80A10EE100A6FEAC1
:106EA000D05010F0FF0F07D008E0F0EE480AB0EE27
:106EB0004A1AB0EE690A1BE0B0EE6A0AF0EE040A64
:106EC000124920EE200A10EE100A884201DAB0EED4
:106ED000690ADFED0F0A79EE200AF4EEC00AF1EE3E
:106EE00010FA01DDB0EE600AF0EE480AB0EE4A1A80
:106EF000BDEC068BBDE81040FFF719BD0000000097
:106F00000000164300007A4500007042000016435E
:106F10000000C84210B504002DED048BDFED1E8A81
:106F200014D094ED0E0AFFF78CFC10EE100A9FEDC2
:106F30001B9AB0F17E5F0EDBB0EE491ABDEC048BFC
:106F4000F2EE040ABDE81040FFF7F1BCBDEC048B83
:106F5000B2EE040A10BD94ED1D8A18EE100AB0F1CD
:106F60007C5F01DCB7EE008A94ED050AFFF769FC4F
:106F7000DFED0B0A60EE200A80EE880A10EE100AA0
:106F80006FEAD05010F0FF0F01D1B0EE680ADFEDCC
:106F9000050A20EE200ACFE7000000000000A04212
:106FA00000007042CDCCCC3D9FED050A08B190EDBC
:106FB0000B0AB2EE041ADFED030AFFF7B8BC0000BB
:106FC000CDCC4C3FCDCC4C3EB2EE040A08B190ED96
:106FD0000C0A9FED031AF0EE000AFFF7A8BC0000B0
:106FE0000000F042B5EEC00AF1EE10FA0FD9F5EE4E
:106FF000C00AF1EE10FA0AD99FED0A1A20EE010A32
:1070000060EE200AF5EEC00AF1EE10FA02D8B7EEF3
:10701000000A7047B7EE000A30EE801A80EE810A4F
:1070200070470000DB0FC9402DE9F0411646884645
:1070300004004FF0010533D04FF41667394604F5CC
:10704000CA70F9F7EAFA394604F6F420F9F7E5FAD6
:1070500041F2544039462044F9F7DFFA0020A4F801
:107060008A01A4F88C0184F8478084F84A0084F8E7
:107070004600B810864206D906F25726B6FBF0F550
:10708000FF2D00D9FF25E8B200EE100A84F8490070
:10709000D4ED170AB8EE400A20EE800A84ED640AA7
:1070A000BDE8F08170B50C462DED028B054616004B
:1070B00005D024211046F9F7B0FA00213170002DD7
:1070C00071D0002C6FD095F8440000286BD094ED5F
:1070D000070AFFF7B6FBB0EE408A94ED080AFFF707
:1070E000B0FBB4EEC80AF1EE10FA05DD94ED080A23
:1070F000FFF7A7FBB0EE408A94ED090AFFF7A1FB6A
:10710000B4EEC80AF1EE10FA05DD94ED090AFFF7B6
:1071100098FBB0EE408A95ED180AB4EEC80AF1EE7D
:1071200010FA0AD2686D401C68652846BDEC028BD7
:107130000121BDE8704001F037BB2878082832D221
:10714000DFE800F031040D1631311F28BDEC028B51
:10715000324621462846BDE8704001F0A7B8BDEC94
:10716000028B324621462846BDE8704000F064BFDD
:10717000BDEC028B324621462846BDE8704000F047
:107180009FB9BDEC028B324621462846BDE87040CF
:1071900000F06EBBBDEC028B324621462846BDE8AE
:1071A000704000F003B8BDEC028B70BD2DE9F041DA
:1071B00016462DED048B0F460400DFEDB88A4FF024
:1071C00000057CD0002F7AD0002E78D094ED1E0AD6
:1071D000B5EEC00AF1EE10FA01D8042157E1FFF72D
:1071E000E3FEB0EE408AB7EE000A2046C0EE080A81
:1071F000B0EE600A01F06AFA00EE100AB8EE409AAA
:107200009FEDA70A2046C0EE080AB0EE600A01F022
:107210005DFA00EE100A94F84800B8EE408A48B9CA
:10722000E06C38B901223946204601F0CDF95C20E6
:1072300084F84500324639462046FFF7A3FB39461D
:10724000204601F069FCD4ED410A94ED401AD4EDDA
:107250003E1A94ED3C0A60EE810A97ED011A60EE49
:10726000810A94ED1E1A41EE610ADFED8E9A9FEDC0
:107270008E1AB4EEC10AF1EE10FA01DD012508E024
:107280009FED8A1AB4EEC10AF1EE10FA01D24FF066
:10729000FF3594F848000126F0B394F8840128B330
:1072A00020EE002AD4ED461A94ED171A42EE011A88
:1072B000C4ED461AD4ED471A40EE011A00E076E01C
:1072C000C4ED471AD4ED481A20EE202A71EE811A37
:1072D000C4ED481AD4ED491A42EE011AC4ED491A18
:1072E000D4ED4A1A40EE811AC4ED4A1AFFF7A9FA02
:1072F000B4EEE90AF1EE10FA01D884F88561002DA8
:107300006DD094F98811002000297CD0A94266D064
:1073100094F88511002900E036E060D0BCEEC80A80
:10732000226D10EE101A8A4259D3B4F88011491C0C
:10733000A4F8801194F88411E9B3B4F882110623FB
:10734000491C89B201EB41025200B2FBF3F25C32FC
:10735000A4F8821184F8452006293BD394ED460A0F
:10736000D4ED480A20EE208A94ED470A00EE408AC8
:1073700018EE100A07F09EFE20B118EE100A4C49D4
:1073800088422DDC042181E0E06C401C00EE100AF4
:10739000E064B8EE400AB4EEC90AF1EE10FA06DB7A
:1073A00001223946204601F00FF984F84860BDEC0F
:1073B000048BBDE8F081FFE784F88461C4ED468A60
:1073C000C4ED478AC4ED488AC4ED498AC4ED4A8AAF
:1073D000A4F8820184F8885184F88501206544E08E
:1073E000D4ED491A94ED480A94ED4A1AD4ED470AAF
:1073F00021EE802A01EE602A82EE080A84ED1F0A3F
:1074000094ED462A00E02CE021EE021AB5EEC00A07
:1074100001EEE01AC1EE080AF1EE10FAC4ED200AFE
:1074200006D210EE100A2349884201D2C4ED1F8A09
:10743000E06F07F03FFE0028A4D094ED1F0AB5EEE0
:10744000C00AF1EE10FA9DD310EE100A1A498842D4
:1074500098DCBDEC048B39462046BDE8F041FFF7CF
:107460005FBC84F8885184F88501E06C401CE064BE
:10747000216D491C2165D4F86811884297D30F49C2
:10748000D4F808018842BFF67DAF02212046BDEC4A
:10749000048BBDE8F04101F087B900000000000056
:1074A000CDCC4C3E5077D63D5077D63E5077D6BEA9
:1074B0005F7089300AD723BC000020410000A04142
:1074C0002DE9F04715462DED068B0E46044691ED4D
:1074D0000E0A9FEDD51AF7EE000AFFF728FAB0EE74
:1074E00040AAD249201DB1EE0E0AB0EE089A13D080
:1074F00090ED040AF5EE000A20EE200A10EE100AC4
:10750000884202DAB0EE490A06E010EE100AB0F145
:10751000824F01DDB2EE000AC54AF0EE409A201D0E
:1075200010D090ED050ADFEDC30A20EE208A18EE98
:10753000100A884202DAB0EE498A05E018EE100A15
:10754000904201DDB2EE048AB1EE040A204601F059
:10755000BDF882469FEDB80A204601F0B7F8814693
:107560009FEDB60A204601F0B1F8804694F8481025
:107570000027DFEDB38A0320E9B301297DD002297A
:107580007CD003297BD1287094ED050A85ED060A8D
:1075900094ED060A85ED070A96ED040A96ED081AA1
:1075A00060EE000A96ED050A40EE000A96ED060A26
:1075B00040EE000A80EE890AD6ED070A60EEA00AC6
:1075C00041EE010A96ED091A41EE010A80EE891A90
:1075D000D4ED350A30EE800A84ED350A94ED360A92
:1075E00030EE010A84ED360A96ED0D0AFFF729F90F
:1075F000D4ED370A00E01AE030EE200A84ED370AB5
:10760000D4F8E000401CC4F8E000E16C491CE164DF
:10761000414563D3A0B300EE900A8A4AF8EE600AAF
:1076200080EE209A19EE101A914265DB9BE0E16C26
:1076300039B996ED0C0A84ED390AC4ED3A8AC4EDE5
:107640003B8A2870C5ED069A85ED078AB0EE690A77
:10765000FFF7F7F894ED171AD4ED3A0A40EE010A55
:10766000C4ED3A0A96ED0C0AD4ED390A70EE600AC0
:1076700080EE8A0AFFF7E5F803E045E061E02DE0DF
:1076800014E010EE100A84ED3B0AB0F17E5F29DBB6
:1076900010EE100A6C49884208DD94ED3A1AC1EEEA
:1076A000000A10EE900AB0F17C5F01DA042124E0B8
:1076B000B6EE000A30EE800A07F002FF84ED1D0AE4
:1076C0009FED621AF7EE000A4434FFF730F984EDBB
:1076D0000C0A4E2060700120A7602071BDEC068B63
:1076E000BDE8F087E06C401CE0645045F6D310EE36
:1076F000100A57498842D9DA0221BDEC068B204690
:10770000BDE8F04701F050B82870C5ED068AC5ED18
:10771000078A9FED500A204600F0D8FF0146E06C32
:10772000401CE0648142D9D80220E76484F8480014
:10773000C4ED358AC4ED368AC4ED378AC4F8E070EA
:10774000CCE7287094ED050A85ED060A94ED060A4B
:1077500085ED070AE16C491CE1644945BED3E76445
:1077600084F84800BAE700EE100AD4ED350AB8EE06
:10777000401A80EE810A08F081F8B0EE408A94ED5C
:10778000380AD4ED360AB8EE401A80EE810A08F0C5
:1077900075F8F0EE409A94ED190A9FED2F1AF0EE6D
:1077A000680AFFF7C4F860EE290A28EE080AB0EE6E
:1077B000401A00EEE00AF0EE400A9FED280A21EEA2
:1077C000000AB4EEE00AF1EE10FA05D2B0EE600A5B
:1077D00008F054F8B0EE408A9FED210AD4ED1D0A5E
:1077E0009FED201A29EE000A1F4960EE200A80EE64
:1077F000810A10EE100A88427FF758AF4B20DFED68
:107800001B0A062128EE201AC1EE000AC4ED1C0A4C
:10781000C4ED1B0A84F845002046BDEC068BBDE88C
:10782000F047FFF716B800000000804B0000404012
:10783000000020413333333F9A99193F3333B33E2D
:10784000000000000000A0410AD7233C0000804255
:107850009A99193ECDCC4C3E00007A44CDCC4C3D9B
:10786000DB0FC94000007042BD378635F304B53FD9
:107870002DE9F04116462DED068B0F4604009FEDD5
:10788000D29A4FF0000566D0002F64D0002E62D04F
:10789000FFF78AFBB0EE408AB0EE000A2046C0EE49
:1078A000080AB0EE600A00F011FF00EE100AF8EED0
:1078B000409A9FEDC60A2046C0EE080AB0EE600A64
:1078C00000F004FF00EE100A94F848004FF0520850
:1078D000B8EE40AAF0BBE06CE0BBDFEDBD8A3946F4
:1078E0002046FFF7C9F8B0EE408A97ED0F0AB5EED3
:1078F000C00AF1EE10FA01DDF0EE408A94ED0A0ABA
:10790000FEF79FFFB5EEC00A84ED3F0AF1EE10FAD4
:1079100002D884ED3F8A2BE0204601F063F99FED09
:10792000AD0ADFEDAD0A94ED181A28EE800AB5EE27
:10793000C01AF1EE10FA08DD61EE200AF4EEC00A7A
:10794000F1EE10FA01D2B0EE600A10EE100AA3496F
:10795000884201E040E0E1E001DA9FEDA10AD4EDC8
:107960003F0AF4EEC00AF1EE10FA01DD84ED3F0AA1
:1079700094ED1D8A18EE100AB0F17C5F01DCB0EEC8
:10798000498AB5EEC08AF1EE10FA06D994ED1C0AC8
:10799000B5EEC00AF1EE10FA01D804210DE1F7EEC0
:1079A000080A002268EE200A3946204620EE800AA6
:1079B00084ED400A00F008FE84F84580204601F07E
:1079C00011F948B1204600F0D7FDB3EE040A204675
:1079D00000F07CFEC4F86801204601F003F900289D
:1079E00032463946204605D0BDEC068BBDE8F04155
:1079F00000F002B9FEF7C6FF3946204601F08CF8C8
:107A0000D4ED400A97ED011A94ED3C0A60EE811A1C
:107A10009FED748ADFED740AB4EEE00AF1EE10FA1D
:107A200001DD012508E0DFED710AB4EEE00AF1EEB8
:107A300010FA01D24FF0FF3594F848000126E8B360
:107A400094F8840198B194ED3E1A94ED432AD4ED54
:107A5000170A61EE211A01EEA02A61EE011A84EDE7
:107A6000432A94ED441A01EEA01A84ED441AFEF75D
:107A7000E8FEB4EEC80AF1EE10FA01D884F8856188
:107A8000BDB394F988110020A1B3A94231D094F874
:107A9000851171B3BCEECA0A226D10EE101A8A422B
:107AA0007AD3B4F88011491CA4F8801194F8841199
:107AB000C1B3B4F88211491C89B200E01BE0A4F8FC
:107AC000821108EB410284F84520042933D3D4ED18
:107AD000440A474910EE900A88427FF75EAF94ED62
:107AE000431AB5EEC01AF1EE10FA2ADBB7EE000A1F
:107AF00029E051E04CE0E06C401C00EE100AE0642C
:107B0000B8EE400AB4EEE90AF1EE10FA06DB002204
:107B10003946204600F058FD84F84860BDEC068BDD
:107B2000BDE8F081FFE784F8846184ED439A84ED39
:107B3000449AA4F8820184F8885184F8850120656C
:107B40002AE0BFEE000A84ED410A81EE200AFEF72A
:107B500078FE84ED1E0A10EE100A07F0ABFA00283A
:107B60003FF41BAF94ED1E0AB5EEC00AF1EE10FA19
:107B70007FF613AF10EE100AB0F17E5F3FF70DAF46
:107B8000BDEC068B20460721BDE8F041FEF761BE43
:107B900084F8885184F88501E06C401CE064216D14
:107BA000491C2165D4F868118842B7D31149D4F82B
:107BB00008018842BFF6F1AE0221BDEC068B2046DB
:107BC000BDE8F04100F0F0BD00000000CDCC4C3E1F
:107BD0006666E63ECDCC4C3F6666663F0AD7A33D5F
:107BE0000AD7A33D5077D63D5077D63E5077D6BEC4
:107BF0005F7089300000A0412DE9F04717462DED58
:107C00000C8B0D4604009FEDFD9ADFEDFDBA4FF0A1
:107C100052067CD0002D7AD0002F78D0FFF77AF969
:107C2000B0EE408A2046FFF70BF9F0EE408AF549A6
:107C300038EEC8AA1AEE100A884201DAB2EE04AA97
:107C40009FEDF10AB0EE48BAF0EE68AA0AEE00BA6B
:107C50004AEE40AAF4EECBAAF1EE10FA03D8B0EE49
:107C600048BAF0EE68AAB5EE000AB3EE041A28EEA0
:107C7000000AF0EE080AFEF75AFEB3EE04DAF0EE60
:107C800040CA78EE8D0A9FEDE10A28EE800A9FED4A
:107C9000E01AFEF74CFEB0EE40CA9FEDDE0A204629
:107CA00000F014FD82462946204600F035FF94ED91
:107CB0003C0A20EE090AFEF7C4FDB0EE409A94EDAE
:107CC0003F0AFEF7BEFD10EE100AD349F0EE409ACF
:107CD000884201DADFEDD19A2846FEF7A9FED5EDFC
:107CE0000A0AF6EE00DA10EE900AB0F17E5F11DDBE
:107CF00060EEAD0AF4EEC00AF1EE10FA0ADDB0EE65
:107D0000600A10EE100AC649884203DD00E095E0E3
:107D1000B0EE4D0A4FF00109F0EE6B0A87F80090C3
:107D2000B4EECC9AC7ED010A87ED050A4FF00008C2
:107D3000F1EE10FA87F82080C7ED020A01DB04217A
:107D400050E194F8480098B1DFF8D8A201282DD06E
:107D5000022871D029462046FEF7ECFE00286DD09F
:107D6000BDEC0C8B29462046BDE8F047FEF7D8BF96
:107D7000B4EEEC9AF1EE10FA15D8B4F882014FF691
:107D8000FF71884202D2401CA4F8820181B25145A1
:107D900008D3204600F0F0FBA4F8828184F84890D4
:107DA000C4F8508001E1A4F88281FEE039EE481A5F
:107DB000C7ED029A81EE0A0AB7EE001AFEF7B7FD88
:107DC000DFED990AB1EE081A40EE010ABCEEE00AB6
:107DD00010EE100AC6B294F8860170B394ED410A11
:107DE000B5EEC00AF1EE10FA3CD195ED010AD4EDE2
:107DF0003E0A94ED171A8D4960EE200A94ED430A6D
:107E000000EE810A84ED430A94ED3E0A60EE000A1A
:107E100094ED440A00EE810A10EE100A84ED440A43
:107E200088421FDD94ED430AB5EEC00AF1EE10FA68
:107E300014DBB7EE000A13E052E000E0D9E0B4EE44
:107E4000C89AF1EE10FA08DB84F88691E06CC4F869
:107E5000700194ED3C0A84ED580AA6E0BFEE000ADA
:107E600084ED410AB4EECB9AF1EE10FA16DBB4EED3
:107E7000EA9AF1EE10FA11D894ED540AD5ED010A00
:107E800030EE200A84ED540AD4F87801401CC4F87E
:107E90007801D4F86C01401CC4F86C01B4EEE89A87
:107EA000F1EE10FA7EDBD4F87011E06CD4ED170A15
:107EB000401A00EE100AB8EE400A20EE200A10EE3A
:107EC000100A5045FFF63BAFD4ED3C0A94ED581A2A
:107ED000022070EEC10A80EE801A84ED561A5EE030
:107EE00038EEC91AB1EE690A87ED020A81EE0A0A74
:107EF000B7EE001AFEF71BFDDFED4D0AB2EE001AD9
:107F000040EE010ABCEEE00A10EE100AC6B294F888
:107F1000870140B984F88791E06CC4F8740194ED4E
:107F20003C0A84ED590AB4EECB9AF1EE10FA16DB56
:107F3000B4EEEA9AF1EE10FA11D894ED550AD5EDA7
:107F4000010A30EE200A84ED550AD4F87C01401C69
:107F5000C4F87C01D4F86C01401CC4F86C01B4EE88
:107F6000C89AF1EE10FA20D8D4F87411E06CD4ED70
:107F7000170A401A00EE100AB8EE400A20EE200A56
:107F800010EE100A50459DDBD4ED3C0A94ED591AD1
:107F9000032070EEC10A80EE801A84ED571A84F82F
:107FA000480000E001E0C4F8508084F84560E06CCF
:107FB000401CE064216D491C2165D4F86811884299
:107FC00017D328EE2D0A9FED1B1AF1EE040AFEF7D7
:107FD000AEFCD4ED420AB4EEE00AF1EE10FA7FF7FF
:107FE000AEAE0221BDEC0C8B2046BDE8F04700F0A0
:107FF000DBBBBDEC0C8BBDE8F0870000EBC9184182
:108000000000000000002041CDCCCC3D3333B33F15
:1080100000007A459A99193E0AD7A33D0AD7A33D95
:108020000000A0410AD7A33C0000A642BD37863518
:108030000000B4420000F0422DE9F05F15462DED3E
:10804000048B0E4604469FED930A00F03FFB8246E8
:1080500094ED040A9FED901AF2EE040AFEF767FC15
:10806000F0EE408A94ED030AFEF7EBFBB0EE409A87
:10807000B1EE040A2046C0EE280AB0EE600A00F015
:1080800025FBB1EE080A0746C0EE280A2046B0EEEE
:10809000600A00F01BFB07EB00089FED800A94F8D4
:1080A00048004FF0000B68EE809A4FF001099FEDF9
:1080B0007C8A98B101284AD085F8009085ED018A24
:1080C0004C4685ED028A3046FEF7B2FC85ED050A86
:1080D00085F82040BDEC048BBDE8F09FE06C28B92A
:1080E0000AEB080202212046FEF79EFF85F8009069
:1080F00085ED018A4F4685ED028A3046FEF798FCF1
:1081000085ED050A85F82070D6ED020A96ED000A85
:10811000B0EE481A204600F0EDF9E06C401CE06437
:108120005045D7D3C4F84CB084ED309AC4ED318AB1
:1081300084ED328A84ED338AC4F8D0B084ED2D8A80
:1081400084ED2E8A84ED2F8A84F84870C2E70220DD
:10815000287094ED130AD4ED170AB8EE400A20EE09
:10816000200A29EE800A07F0C1FA60EE090AC5ED7F
:10817000030A85ED048A85F82090E06CB84202D3AA
:10818000B7EE001A01E0B0EE481A96ED000A20465C
:1081900000F0B0F9E06CB84217D396ED000AD4EDC8
:1081A000320A40EE000AC4ED320AFEF74AFBD4ED73
:1081B000330AF4EEC00AF1EE10FA01D284ED330A6C
:1081C000D4F8D000401CC4F8D000E06C401CE0643F
:1081D0004045BBD3D4F8D000042842D300EE100AA7
:1081E000D4ED320AB8EE401A80EE810A07F046FB61
:1081F000F0EE400AB0EE000AB0EE608A07F03EFBF7
:1082000020EE080A84ED2D8A264984ED2E0A10EE10
:10821000100AD4ED330AC4ED2F0A884221DBC9EEDF
:10822000000AF5EEC09A20EEA00AD4ED190A00EE7D
:10823000E00AF1EE10FA14D9B5EEC00AF1EE10FA28
:108240000FD907F01BFBC0EE290AC4ED1A0AF5EEA0
:10825000C00AF1EE10FA04D910EE900A12498842D1
:1082600007DDBDEC048B20460421BDE8F05F00F083
:108270009BBA204600F022FC032084F84800C4F892
:108280004CB02046BDEC048B3C21BDE8F05FFEF70E
:1082900043BB0000CDCCCC3D00007A44DB0FC9408D
:1082A000000000008FC2F53C000020412DE9F0479E
:1082B00015462DED048B0E4604469FED890A00F00D
:1082C00005FA80469FED870A204600F0FFF9074631
:1082D0003046FEF7ADFB94ED011A4FF0010A85F828
:1082E00000A085ED011A9FED808A85ED028A85ED5B
:1082F000050A85F820A094F84800022806D2D6ED99
:10830000020A96ED000A204600F0F4F894F84800BE
:108310004FF0000958B1012822D0022840D003288C
:1083200053D085ED018ABDEC048BBDE8F087E06C8D
:1083300030B908EB0700420001212046FEF774FE29
:10834000E06C401CE0644045EDD3C4F84C9084F8E8
:1083500048A084ED278A84ED288AC4F8AC90E2E72F
:1083600094ED270AD6ED020A30EE200A84ED270AA2
:1083700094ED280AD6ED000A30EE200A84ED280A92
:10838000D4F8AC00401CC4F8AC00E06C401CE064C5
:10839000B842C8D30220C4F84C9084F84800C2E721
:1083A00094ED020A85ED010AE06C401CE064404552
:1083B000B9D30321C4F84C9004F8481F84ED178A00
:1083C00084ED188AC4F86890ADE794ED020A85ED53
:1083D000010A94ED290AD6ED020A30EE201A84ED46
:1083E000291A94ED2A0AD6ED000A70EE201AC4ED7F
:1083F0002A1AD4F8B000401CC4F8B000E16C491C43
:10840000E164B9428FD3D4F8AC10002909D000BF81
:1084100000EE101A94ED282AB8EE400AC2EE000AC7
:1084200001E0F0EE480A08D000EE101A94ED272A79
:10843000F8EE402A82EE220A01E0B0EE480A002857
:1084400007D000BF02EE100AB8EE422AC1EE828ABF
:1084500001E0F0EE488A05D001EE900AF8EE611ACC
:1084600081EE218A38EEE09A78EE409AB0EE490A21
:10847000FEF7E7F910EE100A1C4DA84202DD89EE66
:10848000890A09E0B0EE680AFEF7DBF910EE100A7F
:10849000A8420FDD88EE280AFEF7D3F9B5EEC00A30
:1084A00084ED190AF1EE10FA04D910EE100A104901
:1084B000884207DDBDEC048B20460421BDE8F0476F
:1084C00000F072B9042084F84800C4F84C902046AB
:1084D000BDEC048B1E21BDE8F047FEF71DBA00007D
:1084E000CDCC4C3E8FC2F53D00000000CDCC4C3DC4
:1084F00000007A4410B500282CD090F847100029CD
:1085000028D0B0F88A21B2F5167F23D290F849100E
:10851000012906D9C36CB3FBF1F401FB1431002926
:1085200018D100EB820181ED650AB0F88A1100EBE9
:10853000810101F50061C1EDBD0AB0F88A1100EBBF
:10854000810101F5A05181ED151AB0F88A11491C7D
:10855000A0F88A1110BD10B504000BD041F6B4513B
:10856000F8F75BF8201D00F0D3F800202070607051
:1085700084F8470010BD0000002822D000219FEDA4
:10858000110A80ED540A80ED550A80ED560A80EDFF
:10859000570A80ED580A80ED590AC0F86C11C0F8EE
:1085A0007011C0F87411C0F87811C0F87C1180F80F
:1085B000861180F8871180ED430A80ED440A80ED32
:1085C000410A70470000000070B515462DED028B82
:1085D00004009FED3A8AF0EE488A6BD029B191ED04
:1085E0000D0ADFED370A60EE208A9FED360A9FED17
:1085F000361AC4ED3C8A68EE800AC4ED3D8A84EDEB
:108600003E8A04F5A27480EE810AFEF71AF904EDA1
:108610000F0A04ED0E8A04ED0D8A04ED0C8A04EDB8
:108620000B8A04ED0A8A04ED098A04ED088A04ED38
:10863000078A04ED068A04ED058A04ED048A04ED38
:10864000038A04ED028A04ED018A84ED008A84ED38
:10865000018A84ED028A0020A087E08784F8400028
:1086600084F8410084F8440084ED038A84ED048A90
:1086700084ED058A84ED068A84ED078A84ED088AF4
:10868000A062E06220636063A06384F8420084F823
:10869000430044F8F80C44F8F40CA4F5A274B2EECC
:1086A000080A204600F012F8C4F86801002D01D134
:1086B00084ED418ABDEC028B70BD0000000000001B
:1086C0005077D63D00007042DB0FC94060B1D0ED5D
:1086D000160A4FF07E5110EE900A884204DDB5EE86
:1086E000C00AF1EE10FA01D80120704720EE800A8E
:1086F00010EE100A884201DAB7EE000AF6EE000A20
:1087000030EE200ABCEEC00A10EE100A70470000DE
:1087100000283ED0F3EE0E0A9FED1E0A002180EDE8
:10872000000A9FED1D0A80ED010AB0EE000A80EDFF
:10873000020A9FED1A0A80ED030AC0ED040AF2EE68
:108740000E0AC0ED050A80ED060AB3EE040A80EDBC
:10875000070AB1EE040A80ED080A9FED110ADFED69
:10876000110A80ED090AC0ED0A0AF2EE040AC0ED12
:108770000B0A80F8301080F8311080F8321080F841
:10878000331080ED0D0A80ED0E0AB6EE080A80ED7A
:108790000F0A7047CDCC4C3E6666E63E000048436B
:1087A00000000000CDCC4C3F002809D0002280F80A
:1087B000442005230370417080F84A2080F8462049
:1087C0007047000070B50B462DED0A8B90B0B0EEEF
:1087D00060BAF0EE408A04009FEDA1AAB0EE4A8A8A
:1087E0007ED06846FFF794FF23B1402219466846C1
:1087F000F7F7E1FE9DED000AB2EE041A9FED999A9B
:10880000F0EE490AFEF793F88DED000A70EE090AC2
:108810009DED010AB3EE041AFEF789F88DED010A09
:108820009DED020ADFED90AAF5EE000AB0EE6A1A9D
:10883000FEF77DF818EE900A8C4D8D498DED020AF9
:10884000DFED8C9AA8420EDD28EEA90AB4EEC80A24
:10885000F1EE10FA07D210EE100AB0EE408A88420C
:1088600001DAB2EE048A9DED030AB0EE481AF2EE88
:10887000040AFEF75CF88DED030A9DED040ADFEDB6
:108880007ECAF7EE000AB0EE6C1AFEF750F88DEDD6
:10889000040A9DED050AB0EE6A1AF7EE000AFEF72B
:1088A00046F88DED050A9DED060A9FED741AF7EE68
:1088B000000AFEF73CF88DED060A9DED070A9FEDD4
:1088C000701AB0EE698AF0EE480AFEF730F88DEDC6
:1088D000070A9DED080A9FED6B1AF0EE490A00E0C9
:1088E00060E0FEF724F88DED080A9DED090AFDF71A
:1088F000A8FF8DED090A9DED0A0AB2EE041ADFED1C
:10890000620AFEF714F88DED0A0A9DED0B0A9FED41
:108910005F1AF0EE000AFEF70AF88DED0B0A9DF8DB
:108920003000012800D00020F0EE48BA8DF8300069
:108930009DED0F0AB1EE041AF0EE6B0AFDF7F7FF9A
:108940008DED0F0A9DED0D0AFDF77BFFB0EE409A0D
:108950009DED0E0AFDF775FFF0EE409A9DED0E0AB3
:10896000F7EE00AAB5EEC00AB0EE6A8AF1EE10FA90
:108970000BD3B5EEC00AF1EE10FA08D19DED0D0A49
:10898000B5EEC00AF1EE10FA01D2BFEE008A19EE80
:10899000100A4FF07E569FED3ECAB04207DA8DEDC9
:1089A0000DCA10E0002010B0BDEC0A8B70BDB0EE17
:1089B0006C1AF1EE040AB0EE490AFDF7B8FF20EE9A
:1089C000080A8DED0D0A19EE900AB04202DA8DED1B
:1089D0000ECA11E09DED0D0AFDF733FFF3EE040A18
:1089E0009FED2C1A70EE200AB0EE690AFDF79FFF8A
:1089F00020EE080A8DED0E0A18EE900AA84209DA58
:108A000040226946201DF7F7D6FD03212046FFF7D7
:108A1000CBFEC7E741F6B4512046F7F7FEFD4022F2
:108A20006946201DF7F7C7FD8AEEA80A01202070CD
:108A30000025657084F8440084F84500C4ED168A6A
:108A4000B0EE4A1AF0EE6B0A84ED170AB0EE4B0A4C
:108A5000FDF76DFF84ED180A84F847500120A2E766
:108A600000007A44CDCC4C3D000020420000C842BA
:108A700000002041CDCCCC3D000048430000FA442A
:108A80000000FA430000C842CDCC4C3E0000F0424A
:108A9000000000000050434700280ED0002100F8DD
:108AA000441F00F8441C00F8431C41708170817120
:108AB000A0F84811C1708160C160704710B5040012
:108AC00025D094ED190AB5EEC00AF1EE10FA1ED9C0
:108AD00094ED1A0AB5EEC00AF1EE10FA17D994ED2A
:108AE000070A9FED0B1AF7EE000AFDF720FFDFEDF6
:108AF000090A20EE200AD4ED1A0A60EE800AC4EDBD
:108B0000210AD4ED190A20EE800A84ED220A10BD54
:108B10000000FA44DB0FC94010B504002DED028BB4
:108B200057D0002955D091ED0D0ADFED2B0A20EE2C
:108B3000208AFEF749FAD4ED170AFEF753FAD4ED6E
:108B40003C0A204638EE601A40EE010AC4ED3C0AA9
:108B500094ED3D0A30EEC00AD4ED170AC0EE208A2B
:108B6000FEF732FAF7EE080A204620EE208AFEF7DA
:108B70001BFAF1EE080A20EE200AB4EEC08AF1EEEC
:108B800010FA01D2B0EE408AD4ED170AB0EE480ACE
:108B9000FEF728FAD4ED3E0A38EEE01A40EE010A5C
:108BA0009FED0F1AC4ED3E0A94ED3C0ADFED0B0A6F
:108BB00084ED3D0A60EE200A80EE810AFDF741FE59
:108BC000D4ED420AF4EEC00AF1EE10FA01D284EDBF
:108BD000420ABDEC028B10BD5077D63D00007042BA
:108BE000DB0FC94018B190F83400012800D00020F4
:108BF000704770470907090E002806DA00F00F00D9
:108C000000F1E02080F8141D704700F1E02080F8AA
:108C1000001470470148FCF74BB900001493002082
:108C20002DE9F84F0F46C1EBC70100EB81058246E5
:108C30000668D5E91301441A286C3835A04200D2E1
:108C40000446E01C4FEA900806EB471916E0441A68
:108C5000A868A04200D20446E01C4FEA90089AF8A7
:108C600010000090A3B2FAB23046E96805F0EAFCC1
:108C7000E8682044E860A8692044A861D9F8180988
:108C800080B2404505D9D5E90501814201D20028CD
:108C9000DDD134B90120D6F83418B8408143C6F884
:108CA00034180020BDE8F88F7047000010B54A481E
:108CB0002DED0A8BF0EE429AB0EE43AAB0EE628A36
:108CC000F0EE61CAB0EE41BA90ED0A9AD0ED0B8A8F
:108CD00019EE900A9FED41CAB0F17E5F25DDB5EE39
:108CE000C08AF1EE10FA20D9B5EEC0AAF1EE10FA62
:108CF0001BD9B0EE691AFBF777FAB5EEC00AF1EEB0
:108D000010FA02DDFFEE00BA06E0B5EEC00AF1EEA1
:108D100010FA0AD2F7EE00BAB0EEC00AC0EE29AAE5
:108D2000F5EEC0AAF1EE10FA04D8B0EE4C0ABDEC94
:108D30000A8B10BDB5EEC09AF1EE10FA01D89FED86
:108D4000289AF5EEC08AF1EE10FA01D8F0EE498AC1
:108D50009FED240A28EE800AC8EE008AF5EEC08A4C
:108D6000F1EE10FA01D8C8EE0A8AF0EEEC0AB0EE85
:108D7000CB0A06F0DDFB9FED1C9AC0EE090A88EED7
:108D8000890A20EEA01AF0EE000A20EE200AC1EEB9
:108D9000000AF4EEE0AAF1EE10FA06D820EE2A0A54
:108DA00006F06CFD20EE090A01E0B0EE480AB0EED4
:108DB000481AF0EE4C0AFAF71FFA6BEE800AF0EE52
:108DC0004A1AB0EE481AB0EE4B0ABDEC0A8BBDE869
:108DD0001040F9F73BBC0000E8050020000000004F
:108DE000000048436F12833A000070422D4AD2EDD2
:108DF000101A92ED111A92ED000AF5EEC01AF1EE7A
:108E000010FA01D8F7EE001AB5EEC01AF1EE10FA1A
:108E100001D29FED251AB5EEC00AF1EE10FA01D885
:108E20009FED220ADFED220A224B60EE200A10EEAF
:108E3000902A9A4201DADFED200A204A0123D371F9
:108E400000B10120107251725371022050709FEDD9
:108E50001C0A1C4882ED0D0A82ED0E0A82ED0F0AF3
:108E600082ED130A82ED140A0370437000218170B1
:108E7000C17001714371C180C0ED020A80ED030A27
:108E8000C0ED041A80ED051A80ED060A80ED070A90
:108E900080ED080A80ED090A80ED0A0AC16200F03F
:108EA000BDB900002C06002000001643CDCCCC3FFD
:108EB000CDCCCC3ECDCC4C3ECDCC4C3E00000020A9
:108EC000000000004C4500204FF0C8410A892848A6
:108ED00042844A88C2838A880284C9888184418CFA
:108EE0009FED251AA1F5FE41FF3900EE101A234926
:108EF000F8EEC00A9FED1F0A60EE800A60EE810A5C
:108F0000C1ED000AB1F87420C38B9FED1D1A9A1AA7
:108F100000EE902AF8EEE00A60EE800A60EE810A28
:108F2000C1ED080AB1F87620038CF1EE600A9A1AB6
:108F300001EE902AF8EEE11A61EE801A21EE811A14
:108F400081ED091A70EEC10AC1ED0A0A808CA0F504
:108F5000FE40FF3800EE900AF8EEE00A20EE800AAC
:108F6000DFED080A20EE200A81ED060A70470000B6
:108F700000000020000080371FFDAA44388C00202C
:108F8000D7A3AAC10000C8432DE9F041494C80464F
:108F90002DED028B82B0A08B40EA0800A083E08414
:108FA000454E04F5807006F1A80196ED080A80EDA3
:108FB000000A96ED090A80ED010A96ED0A0A80ED95
:108FC000020A012081F80E046078032808D15FEAC4
:108FD000C87001D0012100E004213848FFF7E4FB0C
:108FE000002565709FED368A324F84ED0E8A84ED40
:108FF0000F8A803784ED128A87ED078A00F09AF98C
:109000002E48303805708570C58080ED088A80ED67
:10901000098A80ED0A8AC562E571257265726079F8
:10902000012802D06079022801D104206071607C9F
:1090300080B197ED1C0A10EE100A06F097FE41EC85
:10904000100B306E009053EC102B41461DA004F025
:10905000DDFC6574A07C80B197ED1E0A10EE100A4D
:1090600006F084FE41EC100B306E009053EC102B98
:1090700041461DA004F0CAFCA574E07C40B1A27E6C
:10908000414622A0336E04F0C1FCE5742573A5733C
:109090004FF0FF324146264801F0FCFA00F04AF852
:1090A000002001F01BFC257002B0BDEC028BBDE876
:1090B000F081000000000020388C00207C4500205A
:1090C000000000005B5254485D206661756C743D81
:1090D0003078253034582074683D252E3166206F55
:1090E00066663D256C6400005B5254565D206661E7
:1090F000756C743D3078253034582074683D252EC9
:109100003166206F66663D256C6400005B43464D0A
:109110005D206661756C743D30782530345820636D
:109120006173653D2575206F66663D256C640000A2
:1091300074010020244810B5016B88472248343060
:10914000016B884720486830016B88471E489C3077
:10915000016B88471E489FED1D0A00F1800180EDDC
:10916000130A80ED140A80ED120A81ED070A00222D
:109170004275D0ED110A8031C1ED100A81ED110A5E
:10918000427681ED120A81ED130A80ED190A80ED15
:109190001A0A80ED1B0A0F4880ED0B0A80ED0C0ABD
:1091A00080ED010A80ED020A80ED030A00F01EF84E
:1091B00000F012F8BDE81040B6EE001AF6EE000A14
:1091C000B6EE000AFAF754BBE001002000000000F0
:1091D00000000020388C002003489FED020A80ED3B
:1091E000000A704700000000280400200A489FED94
:1091F000090A002180ED030A80ED040A80ED050ACA
:10920000A0F58070018580ED1C0A80ED160A80EDC6
:10921000180A7047000000000001002006489FED7A
:10922000050A064980ED090A80ED0A0A00204885F2
:109230007047000000000000000100200000002036
:1092400010B52D4800219FED2D0A01704170C170AD
:109250008180C180018141818181C181018280ED54
:10926000050A80ED060A80ED070A80ED080A80ED08
:10927000090A80ED0A0A80ED0B0A80ED0C0A80EDE8
:109280000D0A80ED0E0A80ED0F0A80ED100A80EDC8
:10929000110A80ED120A80ED130A80ED140A40F2E3
:1092A000044421465430F7F7B8F921461448F7F73B
:1092B000B4F921461348F7F7B0F921461248F7F7F9
:1092C000ACF921461148F7F7A8F921461048F7F7FD
:1092D000A4F921460F48F7F7A0F921460E48F7F701
:1092E0009CF921460D48F7F798F92146BDE8104052
:1092F0000B48F7F792B9000030630020000000002F
:10930000886700208C6B0020906F002094730020F1
:10931000987700209C7B0020A07F0020A483002061
:10932000A8870020002101808160C1600174418212
:10933000416170470A49087E002810D001F580700D
:10934000084AC06A00EE100A1066074AB8EEC00A62
:1093500082ED120A01F180029066002008767047C3
:1093600000000020388C00202C060020F0B50746B5
:109370002DED068BF0EE618A18EE900A83B0B0EE08
:10938000419AF0EE609AB0EE40AAB0F17C5F01DA4B
:10939000F6EE008A374DB1EE680A05F13404C5EDEA
:1093A000048A85ED050AC4ED048A334E84ED050A6E
:1093B000B0EE690AD6ED040A01F0A4FA9FED2F8AF7
:1093C00038B1296B2846884785ED018A8DED018AE1
:1093D0000CE096ED040A274839EEC00A85ED010A33
:1093E000E96A884795ED0A0A8DED010A47B12148DF
:1093F000216B3430884784ED018A8DED008A2DE0A1
:10940000D6ED050AB0EE490A01F07CFA40B11948E0
:10941000216B3430884784ED018A8DED008A0DE0A0
:1094200096ED050A134839EE400A343084ED010AFE
:10943000E16A884794ED0A0A8DED000A96ED0D1A4F
:10944000D6ED050A96ED040A694601A8F8F766FF0D
:10945000B0EE680A694601A8FCF78AFD9DED001A86
:10946000DDED010AB0EE4A0AF9F75EFA03B0BDEC91
:10947000068BF0BDE0010020388C002000000000C9
:109480002DE9F04FC24E2DED068B8DB096ED000A02
:10949000DFEDC00A60EE208A18EE900AB0F1804F2E
:1094A00002DAF0EE008A06E018EE900AB0F1824F80
:1094B00001DDF2EE008AFAF795FBDFEDB70AC0EEA8
:1094C000809AFAF78FFB9FEDB51AF7EE000AF9F7CD
:1094D00093FEBCEEC00A10EE100A87B2FCF744FE01
:1094E0009FEDAF8AAF4C84ED138A9FEDAF9A04F1E4
:1094F000800084ED149A84ED0D8A84ED128A00F1C7
:10950000800580ED078A95ED140A30EE290A05F0F2
:1095100063FD85ED140ADFEDA50A30EE200A05F0A3
:109520005BFDF0EE409A96ED091AD6ED080A05F0BB
:1095300005FA0020F0EE681AB0EE491AF0EE480A7B
:10954000B0EE690AFFF712FF96ED040AD5ED160A90
:10955000B0EEC00A30EE202A85ED162A96ED050AF7
:10956000D5ED170A70EE201A39EE400AC5ED171A2C
:10957000D5ED180AB0EEC00A30EE201A85ED181AA3
:1095800096ED0D0AD5ED190AB0EEC00A70EE200A6C
:10959000C5ED190AA86E401CA866218E491C89B227
:1095A0002186B9427ED321468C7E00B9012000EE8F
:1095B000100A7F49B346B8EE400A82EE009A00EEE8
:1095C000100AB8EE400AC1EE808A00EE100AB8EE2A
:1095D000400AC1EE009A00EE100AB8EE400A80EE92
:1095E00080AA96ED100AD1ED150A30EE600A06F059
:1095F0001BF800906F486F4900EB8400403180ED0C
:10960000009A6C48103000EB8400C0ED008A694875
:10961000203000EB8400C0ED009A6648303000EB4B
:10962000840080ED00AA009841F824001AEE100A88
:1096300006F09CFB05460E4619EE900A06F096FBD6
:10964000CDE9060118EE900A06F090FB81468A46A5
:1096500019EE100A06F08AFB074688462046FAF7FC
:1096600099FA024602A90098089581E88007DFF878
:109670004881CDE9096018F80400A8F104090090B8
:1096800019F8043021464D4804F0C0F9454C4FF01C
:10969000000AA07E401CC0B2A07604284ED300274A
:1096A000444900E06EE001F1200291ED000AD2EDA4
:1096B000000A012030EE200A01EB8003D3ED000AFE
:1096C00002EB800393ED001A70EE810AF4EEC00AFB
:1096D000F1EE10FA02D2B0EE600A0746401CC0B2AA
:1096E0000428E9D310EE100A06F040FB05460E46AA
:1096F0003846FAF74FFACDE90256024618F8070045
:10970000009019F8073039462DA004F07FF984F84D
:1097100013A084F80CA084F80EA0F0EE480AC4ED63
:10972000130AC4ED140A9BED070A0DB0B0EE601ADF
:10973000BDEC068BBDE8F04FF9F7F6B819F800104C
:10974000217318F80000A073A4F830A018489BED0E
:10975000100A80ED150A80ED168A80ED178A80EDDB
:10976000188A80ED198AC0F868A0FFF7E3FCA07E94
:10977000FAF710FA0246A07B0090237BA17E1CA082
:1097800004F044F90DB0BDEC068BBDE8F08F00008D
:10979000388C00209A99193EDB0FC94000606A4757
:1097A0000000000000000020CDCC4C3E732CC9BF4F
:1097B00000010020380400201A01010850020108AD
:1097C0005B43464D5D20626573743D2575206E6177
:1097D0006D653D257320737761703D257520696E39
:1097E000763D25752073636F72653D252E336600C7
:1097F0005B43464D5D20636173653D2575206E6159
:109800006D653D257320737761703D257520696E08
:10981000763D257520626567696E00002DE9F04F81
:10982000FF4D2DED088B83B02868B0F17E5F0CDA18
:10983000B6EE001AF6EE000AB6EE000AFAF718F8CD
:1098400003B0BDEC088BBDE8F08FF64C607C10B126
:1098500000F00EFBF4E7A07C10B100F0EFFBEFE7A7
:10986000E07C10B1FFF70CFEEAE7EF4890ED089AB4
:10987000B5EEC09AF1EE10FA01DC9FEDEC9AEC4ED9
:10988000307808B1707838B1FFF754FD307868B19E
:109890007078012808D009E0207E38B9E548296EA3
:1098A000C1620120207601E0B07830B10027317824
:1098B00049B17078012802D005E00127F7E7B078B8
:1098C00008B1012000E00020DFF868B3B1460BF1D9
:1098D000E00B029031B196ED040A8BED020AD9ED4E
:1098E000050A06E0D04890ED100A8BED020AD0ED93
:1098F000110AD148CBED030A80ED020AC0ED030A3C
:1099000095ED078ADFEDCD8A17B1B0EE688A1BE0CE
:109910004846DFEDCB9A9FEDCBAAE9B3417811B170
:1099200099F8030074E09FEDC80A09E038EE290AAF
:1099300006E000BF38EE690A02E000BF38EE0A0A0E
:1099400005F04AFBB0EE408AB0EE480A05F0CEFEC4
:10995000B0EE40AAB0EE480A05F00AFDF0EE40AACB
:1099600095ED080A01A98DED000A95ED090A6846F2
:109970008DED010AF8F742FEDFF8B8829DED000A8E
:1099800008F17C08404688ED000A9DED010A88ED4B
:10999000010AD8F8101000E035E0884798ED020A77
:1099A00008F1140A56468AED000A98ED030A50465B
:1099B0008AED010A8AED02AACAED03AADAF81810A4
:1099C000884796ED040AC84685ED040A96ED050A17
:1099D000AAF5887685ED050A99F8000050B3C4ED24
:1099E0000D8AC4ED128AC6ED078AC4ED148A029866
:1099F000384314D0F9F7B0F984ED130AC8ED078A9B
:109A0000C8ED088A0FE0FAF709FCE07AB0EE408A68
:109A100001288BD002288DD0032895D18EE7F9F745
:109A2000F5F984ED130AF9F76FFA88ED090AB0EE3B
:109A3000408AE8E0C8ED098AC8ED0A8A607D401CCA
:109A4000C0B26075022874D394ED0D0A00206075D1
:109A50007548DFF8E491443809F1340990ED010AC2
:109A6000BCEEC00A10EE100AC0B2022818D0FAF7F5
:109A700079F8B0EE408AC6ED078AB0EE481AF1EEEA
:109A8000480A94ED0D0AF9F7B7FBF0EE400AD9ED5C
:109A9000001AB0EE481A94ED120AF8F7D7FD88E0E4
:109AA000D5ED100AB0EE491A94ED110AFAF79CFBB5
:109AB000B0EE408A9FED650AB5EEC09AF1EE10FA5D
:109AC00002D8B0EE68BA09E0D6ED190AF0EEE00A65
:109AD00080EE801AF0EE490A21EE20BAB5EEC09A67
:109AE000F1EE10FA02D8F0EE689A0DE0D6ED190A00
:109AF000F0EEE00A9FED561A60EE810A80EE801AC1
:109B0000B0EE490A61EE009AFAF72CF8F0EE40BA8E
:109B100099ED001AF0EE490A94ED110A05F048F9A2
:109B2000B0EEC00A10EE100A4A49884202DA01205B
:109B300001E062E000204049627E68314AB130B104
:109B4000B0EEC80AB4EEE90AF1EE10FA0BDD00221D
:109B50006276C0B1B0EEC80AB4EECB0AF1EE10FAEC
:109B600011D8012060763448096B68308847324844
:109B7000D9F8301034308847C6ED078AB0EE688ACD
:109B8000C4ED128A17E02C48096B6830884786EDCF
:109B9000078A99ED003AD5ED0D1AD5ED100AF0EED1
:109BA0006B2AB0EE492A94ED121A94ED110AFFF7D0
:109BB0007DF8B0EE408A84ED128A95ED0D0A1E48BC
:109BC0004E4638EE400A343089ED010AD9F82C109F
:109BD0008847D6ED000AB0EE480AF9F7D1F9D6ED7C
:109BE0000A0A96ED041A30EE800AD6ED050AF9F756
:109BF00003FBB1EE400A84ED140A95ED000ADFED97
:109C0000160A20EE208ADFF830905E468BED048A3B
:109C1000F1EE489ACBED059A89ED048A1EE000002A
:109C2000388C0020000000202C0600200000804915
:109C30004C4500200001002014020020000000001C
:109C4000DB0FC93FDB0F4940732CC9BF0000B44391
:109C5000CDCCCC3FCDCC4C3D5C8F023FC9ED059ABD
:109C600098F8000078B1DAED040A94ED130A00F0D8
:109C700049FE40B1316BA9F134008847C6ED018A35
:109C8000C6ED0A8A0AE09AED040AD4ED130A744874
:109C900030EEC00A86ED010AF16A884798F80000A4
:109CA000C346A8B16E48D9F8301034308847C9EDA2
:109CB000018AC9ED0A8AC9ED068A96ED0A0AB0EE54
:109CC000481AF0EE690AF9F797FA86ED0A0A20E0D9
:109CD0009AED050AD4ED140A614830EEC00A34301A
:109CE00089ED010AD9F82C1088475D49DAED050A9B
:109CF0005C319AED040AA1F1340095ED0D1A8A4603
:109D00008046F8F70BFBB0EE480A51464046FCF798
:109D10002FF9D6ED0A0A524EC5ED0B0A99ED0A0A43
:109D2000343E85ED0C0AC6ED000A86ED010A86ED8B
:109D300002AAC6ED03AAB169AA463046884796ED45
:109D4000040A06F11C08404688ED000A96ED050A53
:109D500088ED010AD8F81410884798ED020A85EDBD
:109D6000010A98ED030A85ED020A98ED040A85EDD3
:109D7000030AF8F733FD95ED000AB7EE001AD5EDAA
:109D8000011AC1EE000AB6EE000A9FED36AAB0EE47
:109D9000401ADFED35AA01EEA01AD5ED021AF0EE59
:109DA000419AB0EE401A01EEA01AB0EE418A95ED4C
:109DB000031A01EE200AB0EE4A1AF0EE6A0AF9F729
:109DC0001BFAF0EE408AB0EE4A1AF0EE6A0AB0EEE4
:109DD000480AF9F711FAB0EE408AB0EE4A1AF0EEEE
:109DE0006A0AB0EE690AF9F707FAB0EE681AF0EEFF
:109DF000480AF9F73DFD002F3FF42CADF9F7F2FECC
:109E0000F0EE080A5D4620EE200ABCEEC00A10EE15
:109E1000100A81B2BBF80600814203D9401CABF89E
:109E200006000DE5608DB0EE490AFF2802D8F8F76C
:109E3000B5F905E5F8F74AFF00EE100AE8628AED89
:109E4000180AB8EEC00A094880ED120A0120A8706D
:109E50000020E880FFF7E2F9FFF76CF9F0E400007A
:109E6000E00100203333733FCDCC4C3D2C06002065
:109E70002DE9F04F5A4D2DED048B8BB095ED000A76
:109E8000DFED580A20EE208A18EE100AB0F1804F5C
:109E900002DAB0EE008A06E018EE100AB0F1824F46
:109EA00001DDB2EE008AF9F79DFEDFED4F0A80EE8C
:109EB000809AF9F797FEF5EE000A20EE200A9FED52
:109EC0004B1AF7EE000AF9F797F9BCEEC00A10EE4C
:109ED000100A1FFA80F8FCF747F9DFED458A454C78
:109EE000C4ED138ADFED449A04F18006C4ED149AA0
:109EF000C4ED0D8AC4ED128A04F58077C6ED078A99
:109F000097ED0C0A30EE090A05F066F8DFED3B0A22
:109F100087ED0C0A30EE200A05F05EF8B0EE409AAC
:109F20009FED370A29EE000A86ED1C0A95ED091A05
:109F3000D5ED080AB0EE490A04F000FD0020F0EE6D
:109F4000481AB0EE691AF0EE680AB0EE490AFFF757
:109F50000DFA95ED100AD7ED0D0A30EE600A05F006
:109F600063FB7067A08D401C81B2A185414532D34F
:109F70000020A08518EE100A05F0F8FE06460F46F0
:109F8000A846686B05F0F2FE04460D46D8F81400AA
:109F900005F0ECFE82468B46D8F8100005F0E6FE90
:109FA000804614488946803090ED1C0A10EE100A55
:109FB00005F0DCFE41EC100B06A90E4881E8F0002C
:109FC0008030406F53EC102BCDE903B08DE80007D3
:109FD0000CA003F01BFD0BB0BDEC048BBDE8F08FB3
:109FE000388C00209A99193EDB0FC94000606A47FF
:109FF0000000000000000020CDCC4C3E732CC9BFF7
:10A00000E02E65425B5254485D2074683D252E3138
:10A01000662069643D252E33662069713D252E3307
:10A020006620706F733D256C642073703D252E3162
:10A030006620763D252E3266000000002DE9F04FA7
:10A040002DED048B8FB0F9F7CDFDDFED620A80EEC8
:10A05000808AF9F7C7FDB5EE009A20EE090A9FED58
:10A060005E1AF7EE000AF9F7C7F8BCEEC00A10EE68
:10A07000100A87B2DFED598ADFF8648108F18005A4
:10A08000C8ED138AC8ED148AC8ED0D8AC8ED128A8E
:10A0900005F18006C5ED078A96ED0E0A30EE080A36
:10A0A00004F09AFF86ED0E0ADFED4E0A30EE200A2C
:10A0B00004F092FFF0EE409A9FED4B0A4B4C29EED4
:10A0C000800A85ED1E0A94ED091AD4ED080AB0EE57
:10A0D000690A04F033FC94ED000AB0EE008A10EE39
:10A0E000100AB0F17E5F02DAB0EE688A08E020EE76
:10A0F000090AB4EEC80AF1EE10FA01D2B0EE408AB5
:10A10000F0EE680AB0EE481AB0EE690AF8F70CFCF7
:10A1100094ED100AD6ED0F0A30EE600A05F084FACD
:10A120002F498031C867B8F82E10491C89B2A8F8A9
:10A130002E10B94249D30021A8F82E1018EE100AAB
:10A1400005F014FE06460F46A246606B05F00EFEB3
:10A1500004460D46DAF8240005F008FE80468946DC
:10A16000DAF8200005F002FECDE90201DAF8140069
:10A1700005F0FCFDCDE90001DAF8100005F0F6FD70
:10A18000824617488B46803090ED1E0A10EE100A6A
:10A1900005F0ECFD41EC100B0AA9114881E8F00034
:10A1A0008030C06FCDF81880CDE90790DDE902015D
:10A1B000CDE90401DDE90001CDE9020153EC102BEA
:10A1C0000B48CDE900AB03F021FC0FB0BDEC048BD4
:10A1D000BDE8F08FDB0FC94000606A470000000057
:10A1E00000000020732CC9BFE02E6542388C00208F
:10A1F000A802010830B52DED028B9BB0F9F7BAFB30
:10A20000864CB0EE408A2068B0F17E5F0BDAB6EE85
:10A21000001AF6EE000AB6EE000AF9F729FB1BB0A9
:10A22000BDEC028B30BD94ED091AD4ED080AB0EEF6
:10A23000480A04F083FB7A4D95F84500012805D8BB
:10A24000E86C18B995F8480000287DD05FF0000050
:10A25000FBF7C2FE442109A8F6F7DFF994ED040AE2
:10A2600070488DED090A94ED050A8DED0A0A94ED0A
:10A270000B0A8DED0B0A94ED0C0A8DED0C0A94ED92
:10A28000010A8DED0D0A94ED020A8DED0E0A94ED92
:10A29000030A8DED0F0A94ED080A8DED100A94ED76
:10A2A000090A8DED110A94ED0A0A8DED120A94ED5A
:10A2B000000A8DED130A8DED148A94ED100A8DEDD0
:10A2C000150A94ED0D0A8DED160A90ED080AB5EE0B
:10A2D000C00AF1EE10FA01DC9FED530A8DED170A6A
:10A2E00090ED000AB5EEC00AF1EE10FA01DC9FED28
:10A2F0004F0A8DED180A90ED050ADFED4D0A6A460A
:10A3000009A920EE200A46488DED190AFCF7CAFE7D
:10A310009FED482A484880ED132A80ED142A80EDED
:10A320000D2A80ED122A80ED0E2A80ED0F2A9DF86D
:10A330000010012924D0022949D0032950D084EDEE
:10A340000B2A84ED0C2A00E018E084ED012A84ED4C
:10A35000022A84ED032AB6EE001AF6EE000AB6EEE3
:10A36000000AF9F785FA2878042802D005287FF436
:10A3700056AF0521314800F0A8F950E7012067E702
:10A38000DDED051AF5EEC01AF1EE10FA05D894EDE0
:10A39000000ADFED2B0A60EE201ADDED010AC0EDA8
:10A3A000130A9DED021A80ED141A2978062907D1A7
:10A3B00095F83410012903D180ED0D2A80ED122A81
:10A3C0009DF82000B0EE480AFEF7D0FFCBE79DEDE8
:10A3D000041ADDED030AB0EE480AF8F7A5FAC2E761
:10A3E0009DED060A80ED0E0ADDED070AC0ED0F0AAD
:10A3F00094F87A1021B101EE101AB8EE411A01E07A
:10A40000B7EE001ADFED0F1A60EE211A81EE812AF5
:10A4100080ED0D2AF7F7D0FFA5E70000388C00206B
:10A420007C4500202C06002000008049CDCCCC3F8C
:10A430006F12833A00000000000000207401002029
:10A440009A99993E0000704230B58E4D2DED028BE9
:10A4500083B09FED8D8A2868B0F17E5F15DA85EDB7
:10A460000B8A85ED0C8A85ED018A85ED028A85EDE2
:10A47000038AB6EE001AF6EE000AB6EE000AF9F705
:10A48000F7F903B0BDEC028B30BD804C207800287A
:10A490007ED095ED091AD5ED080A94ED0A0A04F06C
:10A4A0004DFA7B4880ED138A80ED148A80ED0D8A89
:10A4B00080ED128A80ED0E8A80ED0F8AE088A188F7
:10A4C000884265D204EB800094ED0B1A90ED150ADA
:10A4D000D4ED051AF1EE410A21EE800AF8F78CFE60
:10A4E000F0EE400A94ED0A0AB0EE481AF8F71CFAAA
:10A4F000A0896189884204D201216170401CA08139
:10A50000BFE795ED080A01A98DED000A95ED090A4E
:10A5100068468DED010AF8F771F89DED000ADDED52
:10A52000011A0220F1EE400A607030EEE11AD4ED1B
:10A530000C0A95ED042A70EE820AC4ED0C0A94ED23
:10A540000D2A32EE000A84ED0D0A94ED0E0A30EE6B
:10A55000210A84ED0E0A94ED0F0A30EE010A84ED13
:10A560000F0A94ED100A95ED011A30EE010A84ED00
:10A57000100A94ED110A95ED021A30EE010A84EDED
:10A58000110A94ED120A95ED031A30EE010A00E06B
:10A5900070E084ED120A94ED130A95ED001A30EE86
:10A5A000010A84ED130A94ED140A95ED061A30EEB3
:10A5B000010A84ED140A208A401C80B22082E189BD
:10A5C00088429DD300EE100AF7EE001AE088B8EE3C
:10A5D000401A04EB800000F5806181EE810A60EE94
:10A5E000800AC1ED160AD4ED0D0A00F5006160EE97
:10A5F000800AC1ED170AD4ED0E0A00F5406160EE45
:10A60000800AC1ED180AD4ED0F0A00F5805160EE02
:10A61000800AC1ED190AD4ED100A00F5A05160EED0
:10A62000800AC1ED1A0AD4ED110A00F5C05160EE9E
:10A63000800AC1ED1B0AD4ED120A00F5E05160EE6C
:10A64000800AC1ED1C0AD4ED130A00F5005100F593
:10A65000105060EE800AC1ED1D0AD4ED140A20EE00
:10A66000800A80ED1E0AE088401C80B2E080A1884C
:10A67000884203D30020F9F75FF802E70348F7F7B1
:10A68000C3FDFEE6388C002000000000306300208F
:10A6900000000020002810D043680B4313404360A3
:10A6A000017805D0062908D0072906D0062102E046
:10A6B000062902D1072100F008B87047002803D00E
:10A6C00000210170417041607047002809D0027874
:10A6D000062A01D0072A02D109B1052901D1427009
:10A6E0000170704770470000154810B500780428C5
:10A6F00021D002281FD001281DD003281BD0F9F734
:10A7000087FF11220F491048F9F74AF8040014D0C6
:10A710000C49212244310D48F9F742F80446F9F773
:10A720002FFF34B10A49002088710A488031006E39
:10A730008866204610BD002010BDF9F721FFF8E71C
:10A7400074010020E805002000F00508000006085C
:10A7500000000020388C002010B527482DED028B1A
:10A76000A6B090F88048022C26D300F5006090ED4A
:10A770001F8AB5EEC08AF1EE10FA1DD91F48007885
:10A78000042819D0032817D094216846F5F745FF0F
:10A790009FED1B0A00208DED000AB7EE000A8DED3B
:10A7A000010A00EE104A8DED028A6946B8EE400AB1
:10A7B000144A8DED030A10E0002026B0BDEC028B98
:10A7C00010BD00BF02EB800303F5205393ED210A77
:10A7D00001EB8003401C83ED040A8442F2D8F9F7B0
:10A7E00017FF252269460848F8F7DAFF0446F9F70B
:10A7F000C7FE2046E1E700003083002074010020FE
:10A80000006B53473063002000000E082DE9F04133
:10A810000C0004F10101C0B0CEB24FF002018DF87E
:10A8200000104FF016018DF801108DF802601346EC
:10A830006F464FF003088DF803004FF0040507D072
:10A8400033B122461946381DF5F770FE241DA5B216
:10A850003C46FA1C31461620F8F76EFA60556D1C1E
:10A86000A8B204F80080401C81B2684603F0FEFEE6
:10A8700040B0BDE8F081000010B5FAF71DF90446BC
:10A880004FF400711248FAF709F902461148012AFB
:10A89000A0F1800103D000220A74C46615E00B7C8D
:10A8A00001220BB90A74C466CB7B002B0ED1C06E9B
:10A8B000201A0A280AD308484FF0C84390ED070A27
:10A8C000BCEEC00A10EE100A5881CA7310BD000019
:10A8D00000000240800000202C06002010B5084C2B
:10A8E000217D28B1002909D100F0ACFA012004E053
:10A8F000002903D000F088FA0020207510BD000068
:10A9000000000020B0EEC00A10EE100A064988428E
:10A9100008DCB0EEE00A10EE100A0449884201DCBF
:10A9200001207047002070470AD7233C0AD7A33D77
:10A93000404810B5007886B008B105280AD13E4CD1
:10A94000A08B38B93D4890F91000002802DD6079ED
:10A95000032802D0002006B010BD002060709FEDDB
:10A96000380A364A84ED0E0A84ED0F0A903A84EDD7
:10A970000D0AD2ED100A3049C4ED110A803184ED80
:10A98000120A81ED070A84ED130A84ED140AE072BD
:10A990002073A0736074A0740121E1742549A0762E
:10A9A0007439208681ED140AC1ED150A81ED160A6D
:10A9B00081ED170A81ED180A81ED190A8866A2F562
:10A9C00008419FED200B086048608860C8600861FE
:10A9D00048618861C861086248628862C862086329
:10A9E00048638863C863086448648864C864106EF8
:10A9F00004908DED020B9FED150B18A08DED000B53
:10AA00009FED140B53EC102B03F000F8A07EF9F728
:10AA1000C1F80246A07B0090237BA17E1BA002F020
:10AA2000F5FFFEF787FB03210248FFF74EFE0120EA
:10AA300091E700007401002000000020C88C002075
:10AA40000000000000000040338356C0000000A05A
:10AA50009999C93F000000000000F03F5B43464D5C
:10AA60005D20737461727420663D252E3266206904
:10AA7000713D252E3366206672616D653D252E324F
:10AA800066206F66663D256C640000005B43464DA2
:10AA90005D20636173653D2575206E616D653D25A3
:10AAA0007320737761703D257520696E763D25753D
:10AAB00020626567696E00002B4810B5007886B08B
:10AAC00008B105280AD12948818B39B9284991F95B
:10AAD0001010002902DD4179032902D0002006B0C0
:10AAE00010BD002141709FED230A214B80ED0E0A1D
:10AAF00080ED0F0A903B80ED0D0AD3ED100A1B4A42
:10AB0000C0ED110A803280ED120A82ED070A80ED55
:10AB1000130A80ED140AC172017381738174C174C8
:10AB20000124447482ED1C0A5167803282ED0C0AC4
:10AB3000C2ED0D0A8185186E9FED0F0B04908DED0F
:10AB4000020B9FED0F0B12A08DED000B9FED0E0B76
:10AB500053EC102B02F05AFFFEF7ECFA03210248E7
:10AB6000FFF7B3FD0120BAE77401002000000020C8
:10AB7000C88C00200000000000000040338356C055
:10AB8000000000A09999C93F000000000000F03FBC
:10AB90005B5254485D20737461727420663D252EAB
:10ABA00032662069713D252E3366206672616D65BF
:10ABB0003D252E3266206F66663D256C64000000E0
:10ABC0002B4810B5007886B008B105280AD129486D
:10ABD000818B39B9284991F91010002902DD41799A
:10ABE000032902D0002006B010BD002141709FED66
:10ABF000230A214B80ED0E0A80ED0F0A903B80ED79
:10AC00000D0AD3ED100A1B4AC0ED110A803280ED07
:10AC1000120A82ED070A80ED130A80ED140AC17250
:10AC2000017381734174C1740124847482ED1E0A1E
:10AC3000D167803282ED0E0AC2ED0F0AC185186E0F
:10AC40009FED0F0B04908DED020B9FED0F0B12A0EB
:10AC50008DED000B9FED0E0B53EC102B02F0D6FE8A
:10AC6000FEF768FA03210248FFF72FFD0120BAE73B
:10AC70007401002000000020C88C002000000000AB
:10AC800000000040338356C0000000000000004078
:10AC9000000000000000F03F5B5254565D207374CA
:10ACA00061727420663D252E32662076713D252E18
:10ACB0003266206672616D653D252E3266206F66B4
:10ACC000663D256C6400000070B506462DED068BD0
:10ACD0000D46B0EE429AF0EE619A3B48B0EE41AAC2
:10ACE000F0EE608A0078B0EE408A08B105280FD1F6
:10ACF0003648017911B14079032809D1B5EEC08AEF
:10AD0000F1EE10FA04D9F5EEC08AF1EE10FA03D88C
:10AD10000020BDEC068B70BDFEF792FA2C4C08208B
:10AD2000082E84ED058AC4ED068A84ED07AAC4EDD9
:10AD3000089A84ED099A668101D2608104E04FF49B
:10AD400080518E4200D96181E581082D03D34FF4F3
:10AD50000070854200D9E0811D48F7F785FEA0808C
:10AD6000032802D2FEF76CFAD2E7F9F757FA84ED1E
:10AD70000A0AF8F75FFF10EE100AB0EE401AB0F1C1
:10AD8000834F01DDB3EE001A94ED050AD4ED060AF7
:10AD9000B0EEC00AF0EEE00A20EE200ADFED0D0A68
:10ADA00020EE200AF7EE000AF8F726FA84ED0B0AE7
:10ADB000012020706070E0700020E0802081044855
:10ADC000F7F722FA0120A4E7740100200000002018
:10ADD000306300206666E63F0348002141748174B9
:10ADE000C174017381737047000000200548017829
:10ADF00021B94078012801D0022802D10120F8F7BA
:10AE00009BBC70473063002010B500210C48FBF755
:10AE10002FF804210A48FBF72BF808210848FBF714
:10AE200027F800210648FAF7CCFE04210448FAF777
:10AE3000C8FEBDE8104008210148FAF7C2BE000074
:10AE40000C05002010B500210C48FAF7F5FF04218D
:10AE50000A48FAF7F1FF08210848FAF7EDFF002148
:10AE60000648FAF79CFE04210448FAF798FEBDE86C
:10AE7000104008210148FAF792BE00000C0500209E
:10AE800010B590ED100A044680ED0F0AD4E91201C6
:10AE900004F0D7FF206410BD10B5F9F713FEBDE82C
:10AEA0001040FAF723BE000030B5254893B00025C6
:10AEB000016841F080510160006800F080501190FD
:10AEC0002048016841F4804101600068022400F4D8
:10AED0008040119001200090000401908001CDE994
:10AEE0000640192008904FF4A870CDE90904072006
:10AEF0000B906846FAF71EFC00B1FEE70CA90F2084
:10AF000081E831004FF4A0500F904FF48050109022
:10AF100005210CA8FAF73EFB00B1FEE7FAF7D2FBD9
:10AF20004FF47A71B0FBF1F0FAF7CCFD0420FAF798
:10AF3000BCFD00221146501EF9F754FE13B030BD7F
:10AF4000403802400070004070B5194C2068194A22
:10AF500010F00C01184804D0184D042903D008291A
:10AF600003D002601BE0056019E01149091F0B685E
:10AF7000C3F380560B6803F03F0316B1B5FBF3F241
:10AF800001E0B2FBF3F20B680968C3F388135A437C
:10AF9000C1F30141491C4900B2FBF1F10160216894
:10AFA000074AC1F30311515C0268CA40026070BDD8
:10AFB000083802400024F4000C03002040787D0192
:10AFC0001E0101081048016841F4700101600F483A
:10AFD000016841F0010101600C4A00210832116052
:10AFE00002680B4B1A400260031D0A4A1A6002688D
:10AFF00022F48022026005480C30016002495806A4
:10B00000803908607047000088ED00E00038024099
:10B01000FFFFF6FE10300024F0B50268234B244DEC
:10B02000244E254F254C4FF0804C984209D0604566
:10B0300007D0A84205D0B04203D0B84201D0A04208
:10B0400004D122F0700E4A6842EA0E0298421BD0E8
:10B05000604519D0A84217D0B04215D0B84213D0DD
:10B06000A04211D0164DA8420ED0164DA8420BD0CA
:10B07000154DA84208D0154DA84205D0144DA84240
:10B0800002D0144DA84203D122F44075CA682A4365
:10B0900002608A68C2620A688262984201D0A04255
:10B0A00001D10969016301214161F0BD0000014046
:10B0B0000004004000080040000C00400004014073
:10B0C0000040014000440140004801400018004099
:10B0D000001C00400020004010B50123046A8B4092
:10B0E0009C430462036A8A401343036210BD10B597
:10B0F0000423046A8B409C430462036A8A4013431E
:10B10000036210BD10B5846842EA032224F47F4430
:10B110000A432243826010BD30B5026A22F0010268
:10B120000262026A436884690D6824F0730425434F
:10B1300022F002048A6822430B4CA04202D00B4C3E
:10B14000A0420BD122F00804CA6823F440732243C2
:10B150004C6922F004021C438B69234343608561E0
:10B1600049684163026230BD0000014000040140B3
:10B1700030B5026A22F010020262026A43688469F2
:10B180000D6824F4E64444EA05248D6822F0200288
:10B1900042EA05120D4DA84202D00D4DA8420ED133
:10B1A000CD6822F0800242EA05124D6923F4406323
:10B1B00043EA85038D6922F0400243EA8503436038
:10B1C000846149688163026230BD00000000014073
:10B1D0000004014030B5026A22F480720262036A00
:10B1E0004268C46923F4007324F073050C682C438F
:10B1F0008D6843EA05230D4DA84202D00C4DA842AC
:10B200000ED1CD6823F4006343EA05234D6922F48F
:10B21000405242EA05128D6923F4806342EA051226
:10B220004260C4614968C163036230BD00000140EF
:10B230000004014030B5026A22F480520262046ABE
:10B240004268C3690D6823F4E64343EA05238D6829
:10B2500024F4005444EA0534084DA84202D0084DB5
:10B26000A84204D14D6922F4804242EA851242602C
:10B27000C36149680164046230BD00000000014000
:10B280000004014030B403689A6822F070044A68F0
:10B29000224322F007040A6822439A604A6812F0A7
:10B2A0000F0F1FD11211082A1CD2DFE802F01B1B5E
:10B2B0001B1B0B1D23040B69D1E90221006830BC64
:10B2C000FFF720BF0268136A146A24F001041462B5
:10B2D00002689469096924F0F00444EA011191615B
:10B2E0000068036230BC70470A698968006830BC36
:10B2F00000F006B80A698968006830BC00F011B82F
:10B3000010B5036A046A24F001040462846924F01D
:10B31000F00444EA021423F00A020A438461026240
:10B3200010BD10B5036A23F0100303628369046A39
:10B3300023F4704343EA023224F0A00343EA0111EC
:10B340008261016210BDD0F8180220B10021C0F85E
:10B350001412084670470220704770B50546D0F8B1
:10B36000184200F02EFBC4F80C02D5F8180248B1C0
:10B37000D5F81C12D4F80402CA6804F5037190478A
:10B38000002070BD022070BD70B5044600258121EB
:10B3900000F070FA0121204600F06CFA822120466C
:10B3A00000F068FAD4F8180250B1D4F81C0204F581
:10B3B0000674406880472068F4F7FFFF0020206093
:10B3C000284670BD10B5D0E9864159B194F8000205
:10B3D000FF2807D08B6894F8012221469847FF2068
:10B3E00084F80002002010BD0A2101800048704747
:10B3F00018030020432101800048704768030020A3
:10B40000432101800048704724030020432101802C
:10B4100000487047AC0300202DE9F0410446007C51
:10B4200000254FF4007670B340230222812120468C
:10B4300000F01EFB402302220121204600F018FBF1
:10B44000082303228221204600F012FB4FF40770EC
:10B45000F4F784FFC4F81802F0B10746D4F81C02D0
:10B46000006880470020C7F81402C7F81802207C43
:10B47000D7F8042290B140230121204600F00BFBB5
:10B480002846BDE8F081FFE73346022281212046AD
:10B4900000F0EEFA3346CEE70125F1E73346EBE75D
:10B4A00010B5D0F8181269B1027C002AD1F8042234
:10B4B00005D04023012100F0EEFA002010BD4FF42A
:10B4C0000073F7E7022010BD02460220002902D0D7
:10B4D0000020C2F81C127047D0F81802C0F80412FD
:10B4E00000207047D0F81802C0F81022C0F80812E7
:10B4F0000020704770B50646D0F8185208780C4600
:10B5000010F0600121D0202927D1E288AAB10006DD
:10B51000607807D5D6F81C128B6829469847E288D0
:10B52000294617E085F80002A07985F80102E28833
:10B530002946304600F050F80FE0D6F81C1260782B
:10B5400000228B682146984707E060780A2804D1DA
:10B5500003490122304600F059F8002070BD000078
:10B560001403002010B5D0F8181289B1D1F81422B4
:10B570000AB1012010BD0122C1F81422B1F8102235
:10B5800093B2D1F80822812100F02FFB002010BDDA
:10B59000022010BD10B5D0F8142252689047002048
:10B5A00010BD134610B50A46002100F074FA0020C1
:10B5B00010BD134610B50A46002100F016FB00200E
:10B5C00010BD10B50446802100F0E6FA2046BDE823
:10B5D0001040002100F0E0BA10B50323C0F80821A4
:10B5E000C0F8F431C0F80C2113460A46002100F0DF
:10B5F00052FA002010BD10B505210023C0F8F41147
:10B600001A46194600F047FA002010BD10B5022373
:10B610008261C0F8F431C26113460A46002100F08D
:10B62000E4FA002010BD10B504210023C0F8F41185
:10B630001A46194600F0D9FA002010BD10B50A4686
:10B64000024903A000F0CEF8004810BD0497002086
:10B6500043444320436F6E666967000012200880F0
:10B6600000487047D402002010B50A46024903A0E2
:10B6700000F0B8F8004810BD049700204344432070
:10B68000496E74657266616365000000042008807D
:10B6900000487047D002002010B50A46024903A0B6
:10B6A00000F0A0F8004810BD049700204E520000A2
:10B6B00010B50A46024903A000F094F8004810BDF6
:10B6C000049700204574686572434154204143202B
:10B6D000536572766F2044726976657200000000CF
:10B6E00010B50A46024903A000F07CF8004810BDDE
:10B6F000049700203030303030303030303031413D
:10B7000000000000F8B5044648880D46010A0829E3
:10B710004BD2DFE801F04A0409174A4A4048D4F8FE
:10B720001012207C0A6832E0207C02260028D4F81F
:10B73000140205D0C16A684688470146467041E058
:10B74000816AF8E7C0B206282FD2DFE800F00308CC
:10B750000D12171CD4F81012207C4A6817E0D4F898
:10B760001012207C8A6812E0D4F81012207CCA687B
:10B770000DE0D4F81012207C0A6908E0D4F8101209
:10B78000207C4A6903E0D4F81012207C8A6969465B
:10B790009047014616E0207C38B9D4F81402416B7A
:10B7A00068468847F5E7207C20B129462046FFF708
:10B7B00008FFF8BDD4F81402016B684688470146BB
:10B7C00007204870BDF800000028F2D0EA88002A5F
:10B7D000EFD0824200D90246ADF800202046FFF7A4
:10B7E00015FFF8BD70B5002300281DD004460025C4
:10B7F00002E06D1CEDB2641C2678002EF9D1022403
:10B8000004EB45041480CC545B1C0322CA5400246E
:10B810005B1C06E0CA545B1CDAB28C54521CD3B2D7
:10B82000401C0278002AF5D170BD10B580B1D0F867
:10B83000143213B10023C0F8143209B1C0F8101249
:10B84000012180F8FC11027000F0C0F8002010BD4A
:10B85000022010BD10B50024D0F82002F9F757FAE5
:10B8600030B1012801D0022801D0022400E00124D7
:10B87000204610BD10B50024D0F82002F9F725FAB3
:10B8800030B1012801D0022801D0022400E00124B7
:10B89000204610BD2DE9F0411746044641B1D4F8C9
:10B8A000140242698AB394F8FC01032842D043E0B1
:10B8B000D4F8F411002504F11400022933D1D0E9A1
:10B8C00002639E4207D9F31A83609AB23946204632
:10B8D000FFF76FFE12E04068B0FBF3F103FB1101CC
:10B8E000A1B9984212D3D4F8F81188420ED200229E
:10B8F00011462046FFF75DFEC4F8F85100231A46B2
:10B900001946204600F0C7F80DE012E0D4F8140202
:10B91000C16829B194F8FC01032801D12046884769
:10B920002046FFF768FE94F80002012804D184F84D
:10B93000005201E0204690470020BDE8F08170B53C
:10B940001546044641B1D4F8140282693AB394F81A
:10B95000FC01032824D025E0D4F8F41104F582700A
:10B9600003291FD1D0E902218A420BD9531A8360DF
:10B970000846834200D303469AB229462046FFF781
:10B9800010FE0FE0D4F81402016929B194F8FC010B
:10B99000032801D1204688472046FFF744FE01E0F6
:10B9A00020469047002070BD0020704710B501214F
:10B9B00080F8FC11D0F814220179526890470020D9
:10B9C00010BDD0F82002F9F7CAB9000010B501780F
:10B9D00059BB17490222C1F8EC03C0F820124FF0FE
:10B9E000A0400860042048600020C1E90320C1E9AC
:10B9F0000502C86108624862C86208630846F9F730
:10BA0000D9FC20B14FF4A5710AA003F020FB8021DE
:10BA10000748F9F719F9402200210548F9F718F904
:10BA2000802201210248F9F713F9002010BD00001F
:10BA3000149300202E2E2F5372632F757362645F50
:10BA4000636F6E662E6300000A0601F07F01D0F876
:10BA50002002C1EBC10100EB810002D590F83A0051
:10BA6000704790F8FA017047002070470020704737
:10BA700070B51D4613460024D0F820022A46F9F777
:10BA800078F930B1012801D0022801D0022400E069
:10BA90000124204670BD10B50024D0F82002F9F72B
:10BAA00092F930B1012801D0022801D0022400E02F
:10BAB0000124204610BD70B50022044640231146E3
:10BAC000FFF7D6FF40252B46002280212046C4F8F0
:10BAD0001051FFF7CDFF0120256284F8FC01D4F856
:10BAE000180228B1D4F81402217942682046904700
:10BAF000002070BD90F8FD1180F8FC110020704707
:10BB000010B590F8FC11032904D1D0F81412C969BA
:10BB100001B18847002010BD01740020704710B5A6
:10BB20000024D0F82002F9F7EFFC30B1012801D051
:10BB3000022801D0022400E00124204610BD70B587
:10BB4000044600F50270054600F05FF80120C4F8D5
:10BB5000F401B4F80E02C4F8F80194F8080210F0E9
:10BB60001F010AD001290DD0022910D000F0800158
:10BB7000204600F011F8002070BD2946204600F054
:10BB8000AAF8F8E72946204600F08CF9F3E72946A1
:10BB9000204600F019F9EEE710B50024D0F8200295
:10BBA000F9F735F930B1012801D0022801D002247B
:10BBB00000E00124204610BD10B50024D0F820027A
:10BBC000F9F7BBFC30B1012801D0022801D00224D2
:10BBD00000E00124204610BD90F8FC1180F8FD1112
:10BBE000042180F8FC110020704710B50024D0F823
:10BBF0002002F9F73CF930B1012801D0022801D028
:10BC0000022400E00124204610BD0A7802704A7820
:10BC100042708A78CB7802EB032242800A794B7912
:10BC200002EB032282808A79C97902EB0121C1806B
:10BC300070470246002011B1C2F81412704702206A
:10BC4000704710B5D0F8142202241AB11268904738
:10BC500000B90024204610BD70B50E461A4D8978F3
:10BC600004462970012928D894F8FC01022802D042
:10BC7000032822D105E099B10320616084F8FC011A
:10BC800009E091B1606888420AD0C1B22046FFF74E
:10BC900081FC297861602046FFF7D3FF02280CD091
:10BCA0002046BDE87040FFF7BEBC022084F8FC01CE
:10BCB00020466160FFF76EFCF2E731462046BDE8A2
:10BCC0007040FFF77EBC00001003002010B5FFF7A6
:10BCD00073FF002010BD2DE9F04100264B780125AF
:10BCE00032460A2B43D2DFE803F03C584251420867
:10BCF00005422A27FFF706FD63E004468888C8B995
:10BD0000C888B8B9887800F07F0794F8FC01032848
:10BD100010D084F8FE7139462046FFF700FF204618
:10BD2000FFF781FC1FB1022084F8FC0149E084F890
:10BD3000FC5146E020461AE0FFF78EFF41E0CB8839
:10BD4000012B14D190F8FC31022B02D0032B0ED121
:10BD500004E08260012200F1080114E00122011DCB
:10BD600011E090F8FC21022A04D0032A02D0FFF748
:10BD700028FC26E0C560D0F8041209B10321C16097
:10BD8000022200F10C01FFF741FC1AE0044648884A
:10BD9000012816D1C4F804520BE0044690F8FC01C7
:10BDA000022801D00328C5D14888012809D1C4F848
:10BDB0000422D4F814028268204690472046FFF7F8
:10BDC00032FC3046BDE8F08170B50D460446287857
:10BDD00000260979C0F34110012806D06878A0B385
:10BDE00001281FD003283FD107E0D4F814022946C8
:10BDF000826820469047002070BD94F8FC0102281C
:10BE000017D003282CD1688828B921B1802902D005
:10BE10002046FFF7C1FED4F8140229468268204666
:10BE2000904713E094F8FC01022802D0032817D1B0
:10BE300003E0C9B180291BD116E06888A0B9480683
:10BE400004D02046FFF706FDE5E703E02046FFF7B4
:10BE5000EAFB09E094F8FC01022807D003280BD084
:10BE600029462046FFF7ADFB304670BD4806FBD0A3
:10BE70002046FFF791FEF7E7080601F07F0004EB8C
:10BE8000001501D5143501E005F582752046FFF750
:10BE9000DBFD00B101202860022229462046FFF781
:10BEA000B5FBE1E770B5054690F8FC010C460328A8
:10BEB0000DD1207901280AD8D5F8140282682846C5
:10BEC0009047E08830B92846FFF7ADFB02E02846EE
:10BED000FFF777FB002070BD30B54C781D4B012279
:10BEE0000D78AA40012CD0F81C4818D044EA024230
:10BEF000C0F81C280A7800EB4210D0F8002B12047E
:10BF00000BD4D0F8002B0C89C4F30A042243C9785F
:10BF100043EA81410A43C0F8002B002030BD92B2B1
:10BF20001443C0F81C480C7800EB4410D0F80029EA
:10BF30001204F2D4D0F800290D89C5F30A052A436A
:10BF4000C978890441EA84510A431A43C0F8002998
:10BF5000E3E7000000800010D0F800196FF30A0139
:10BF6000C0F80019D0F80818C1F34101022905D121
:10BF7000D0F8001941F00301C0F80019D0F80418F6
:10BF800041F48071C0F804180020704770B5044671
:10BF9000049D06990D9801290CD0E06840F04000FE
:10BFA000E060204600F028F84FF48030A063012DB7
:10BFB00016D01DE0A16B21F48031A163E1680D4A28
:10BFC0001140E160E16821F44011E160012803D1F2
:10BFD000E06840F48010E060204600F00DF8E6E7ED
:10BFE000A06840F00600A060A06840F02000A060BB
:10BFF000002070BDBFFFBDFF01220C4902E0521CB2
:10C000008A420BD80369002BF9DA026942F0010277
:10C010000261012204E0521C8A4201D903207047C8
:10C020000369DB07F7D1002070470000400D0300D3
:10C03000F0B50D4604464F780126F206D3002D498F
:10C04000287804EB4010012F14D0D0F8007B27F49F
:10C050000047C0F8007B287804EB4010C0F8002BA4
:10C06000287804EB4010C0F8003B01202A7804EB4C
:10C0700042122BE0D0F8007927F40047C0F800798D
:10C08000287804EB4010C0F80029287804EB401011
:10C09000C0F8003901202A7804EB421202E0401C6B
:10C0A000884211D8D2F808395B00F8D41021204614
:10C0B00000F0FCFCD4F81C0829788E40B1B288430B
:10C0C00014E0401C884201D90320F0BDD2F8083B9F
:10C0D000DB06F6D4D4F8040840F48060C4F8040801
:10C0E000D4F81C0829788E4020EA0640C4F81C08C1
:10C0F0000020F0BD400D030010B5D0F8041821F069
:10C100000201C0F804180320F8F7DCF9002010BD84
:10C1100010B5D0F8041841F00201C0F8041803204B
:10C12000F8F7D0F9002010BD2DE9F0470E4604467F
:10C13000DDE90A0A0025DDF83C80089F5FEA080176
:10C14000A16B11D041F40021A1634FF00009C4F8A4
:10C15000009ED4F80018C4F80018012807D0D4F8BD
:10C16000000840F0030007E041F40011ECE7D4F8C8
:10C1700000080BB140F00100C4F80008102120466F
:10C1800000F094FC204600F081FC4846C4F810986A
:10C19000C4F814984FF0FF31C4F81818C4F81C986C
:10C1A0004FF0904CFF230FE004EB4511D1F800292C
:10C1B000002A02DAC1F800C901E0C1F80009C1F89B
:10C1C0001009C1F808396D1CAE42EDD800210FE00E
:10C1D00004EB4112D2F8005B002D02DAC2F800CB6A
:10C1E00001E0C2F8000BC2F8100BC2F8083B491C72
:10C1F0008E42EDD8D4F8101821F48071C4F81018CC
:10C20000012F0AD11449C4F83018D4F83018134A51
:10C210001143C4F83018D4F83018A0616FF0804092
:10C2200060611FB9A06940F01000A061A0690C49CD
:10C230000843A061BAF1000F03D0A06940F00800E4
:10C24000A061B8F1010F03D1A06906490843A061BC
:10C250000020BDE8F087000000018000030001001D
:10C2600000383C8004000040816821F001018160B9
:10C27000002070472DE9F047DFF88883A2B01D4603
:10C2800016460F4604464FF001094FF0000A5329A5
:10C2900077D02ADC1D2F75D012DC0F2F5CD008DC84
:10C2A000012F33D0022F57D0072F5DD00E2F6AD128
:10C2B00034E0102F3FD0112F4ED01C2F63D158E106
:10C2C000292F72D00ADC4FF00208252F6ED0262FBE
:10C2D0006DD0272F6CD0282F55D184E12B2F68D01B
:10C2E000512F67D0522F4ED1ACE0A7F15400DFF8A8
:10C2F0001893112847D2DFE800F0BE5E67747F888C
:10C3000091C8CDCDDFE2F2F5FDEEED00F02001F0B9
:10C310005BFC22B0BDE8F04701F0CAB8F02001F0A4
:10C3200053FC2946304601F02BF90BE005280DD0CF
:10C3300022B0BDE8F087F02001F046FC29463046E7
:10C3400000F06CFF98F800000028EFD122B0002028
:10C35000BDE8F04702F05AB8F02001F035FC22B0F9
:10C36000BDE8F04700F074BDF02001F02DFCA749B6
:10C37000A748102D08D332680A60B1684161F1689E
:10C3800007E068E022E085E0082D09D331684161CB
:10C390007168816122B09E48BDE8F04702F07AB929
:10C3A000042DC5D330680860C2E7E8E0EFE0FCE0A8
:10C3B0000FE1DBE03CE03946F02001F005FC2946C6
:10C3C000304600F0B1FEBDE73946C5E7F02001F088
:10C3D000FBFB22B02A4631462046BDE8F04701F07B
:10C3E000F1B93946F02001F0EFFB22B02946304682
:10C3F000BDE8F04700F0ACBD3946F02001F0E4FBA9
:10C4000022B0BDE8F04700F0DBBD3946F02001F076
:10C41000DBFB22B0BDE8F04700F03ABE3946F02021
:10C4200001F0D2FB22B00020BDE8F047F5F726BFAF
:10C430001A46314600F06EFB59E02B46324639462B
:10C44000F02029E0F02001F0BFFB22B02046BDE83B
:10C45000F04700F037BC212000906E4B11226C4950
:10C460006D48FAF703FAA0B3694802F013F9694876
:10C4700002F086FBE1E73946F02001F0A5FB22B08F
:10C480006548BDE8F047FAF762BA98F8000040B195
:10C49000052806D03946FF2022B0BDE8F04701F05C
:10C4A00093BB00210846FCF7A1FC5C4981F800A081
:10C4B000002001F0ABFF05E0FEF7FEFA01E0FEF719
:10C4C0007FFB30B199F814000028B6D001F01EFBB4
:10C4D000B3E748E043E01EE00CE003E0FFE7FEF7CF
:10C4E00027FAEEE71A463146204601F0A9F900285E
:10C4F000A3D038E03946F02001F066FBFEF776FC69
:10C500004748C1880089814201D9012000E000200C
:10C5100084F808040CE7052D25D331780520D6F8DA
:10C52000012000EB81008B1EC0B2202B1BD2854264
:10C5300019D300206B4609E006EB800403EB800C66
:10C54000D4F80540401CCCF80040C0B28842F3D378
:10C5500000EE102A6846F6F7ADF920B16DE7FEF758
:10C56000FBF8002886D12B46324693E7FEF7BCF84D
:10C57000F3E7F02001F028FB84F80094D8E6F020DF
:10C5800001F022FB22B0BDE8F04700F0E5BBF0204F
:10C5900001F01AFB15B13078112800D9112084F868
:10C5A0000194514684F802A40CE0F02001F00CFB49
:10C5B00015B13078212800D9212084F801A45146F2
:10C5C00084F8029484F80C1484F80B0484F80A8428
:10C5D000AEE6F02001F0F8FA11232A4631460C4865
:10C5E00001F0D6F9D6E6F02001F0EEFA21232A4632
:10C5F0003146084801F0CCF922B00648BDE8F047C2
:10C6000002F0BEBA74010020304500203400002042
:10C61000E80500202C0600207C4500200A000020B0
:10C620003063002030B54D784D4C0B7800EB431350
:10C63000012D28D0D3F8105B6FF31205C3F8105BFF
:10C640000B7800EB4313D3F8105B2540C3F8105B65
:10C650004B690BB18B684B610B7800EB4313D3F83C
:10C66000104B44F40024C3F8104B0B7800EB431339
:10C67000D3F8104B8D68C5F312052C43C3F8104B4B
:10C68000012A5CD061E04D69002DD3F810593BD0F0
:10C690006FF31205C3F810590B7800EB4313D3F86E
:10C6A00010592540C3F810594C698B689C4200D939
:10C6B0004B610B7800EB4313D3F8104944F400248A
:10C6C000C3F810490B7800EB4313D3F810494D69B8
:10C6D000C5F3120554EA0504C3F810490B7800EBC2
:10C6E0004313D3F8004944F00444C3F80049012A35
:10C6F0001ED04A6912B3D0F834280B780121994032
:10C700000A43C0F8342829E02540C3F810590B78B3
:10C7100000EB4313D3F8104944F40024C3F8104944
:10C720000B7800EB4313D3F810496FF31204D3E7EF
:10C730000A69097800EB4110C0F814290EE00B7863
:10C7400000EB4313CA68C3F8142B097800EB4110BF
:10C75000D0F8001B41F00441C0F8001B002030BDA0
:10C76000FFFF07E00023C0F8103BD0F8103B43F474
:10C770000023C0F8103BD0F8103B43F01803C0F87A
:10C78000103BD0F8103B43F0C043C0F8103B0129E8
:10C7900005D1C0F8142B4FF08021C0F8001B0020F9
:10C7A00070474B780A7800EB4212012B0BD0D2F87D
:10C7B000003B23F40013C2F8003BCA78032A17D0C9
:10C7C000022A15D01DE0D2F8003923F40013C2F874
:10C7D0000039CA78032A01D0022A12D1097800EB65
:10C7E0004110D0F8001941F08051C0F8001908E05C
:10C7F000097800EB4110D0F8001B41F08051C0F8DF
:10C80000001B002070474B780A7800EB4212012B86
:10C8100014D0D2F8003B002B05DBD2F8003B23F00C
:10C820008043C2F8003B097800EB4110D0F8001BB0
:10C8300041F40011C0F8001B00207047D2F8003905
:10C84000002B05DBD2F8003923F08043C2F8003911
:10C85000097800EB4110D0F8001941F40011C0F83C
:10C860000019E9E778B54E786FF06045834C0B7896
:10C8700000EB4313012E2FD0D3F8106B6FF3120689
:10C88000C3F8106B0B7800EB4313D3F8106B264002
:10C89000C3F8106B4B69002B7DD08C6823445B1E62
:10C8A000B3FBF4F39BB20C7800EB4414D4F8106B98
:10C8B00005EAC3452E43C4F8106B0C7800EB441412
:10C8C000D4F8105B8E685E43C6F312031D43C4F8B0
:10C8D000105B012A73D0B2E04E6966B3D3F81069D9
:10C8E0006FF31206C3F810690B7800EB4313D3F80B
:10C8F00010692640C3F810694C698B681C44641E9B
:10C90000B4FBF3F305EAC3440B7800EB4313D3F80D
:10C9100010592C43C3F810490B7800EB4313D3F89C
:10C9200010494D69C5F312052C43C3F81049CB7863
:10C93000012B16D027E0D3F810592540C3F8105921
:10C940000B7800EB4313D3F8104944F40024C3F8E8
:10C9500010490B7800EB4313D3F810496FF312041E
:10C960000FE00B7800EB4313D3F8104924F0C044D8
:10C97000C3F810490B7800EB4313D3F8104944F087
:10C980000054C3F81049012A12D0CB78012B17D0DC
:10C990004B692BB300E037E0D0F834380D78012430
:10C9A000AC402343C0F83438CB78012B08D017E0D3
:10C9B0000C7800EB44140B69C4F81439F4E738E040
:10C9C000D0F80838DB050B7800EB4313D3F80049A7
:10C9D00002D444F0005401E044F08054C3F800490C
:10C9E0000B7800EB4313D3F8004944F00444C3F838
:10C9F0000049CB78012B3ED100928A8A93B20A7803
:10CA0000C96801F01FFE36E00B7800EB4313D3F842
:10CA1000104B8D68C5F312052C43C3F8104B0B78EF
:10CA200000EB4313D3F8104B44F40024C3F8104B2D
:10CA30004FE70B7800EB4313CA68C3F8142BCA788E
:10CA4000012A0FD1D0F80828D2050A7800EB42124B
:10CA5000D2F8003B02D443F0005301E043F080538E
:10CA6000C2F8003B097800EB4110D0F8001B41F000
:10CA70000441C0F8001B002078BD0000FFFF07E064
:10CA8000816841F00101816000207047002110227F
:10CA90000261054A491C914201D90320704703698C
:10CAA000DB06F7D400207047400D0300002220234E
:10CAB00043EA811101610549521C8A4201D90320D0
:10CAC000704703699B06F7D400207047400D0300B0
:10CAD0000021D0F8082812F0060F15D0D0F8082849
:10CAE000C2F34102012A0CD0D0F80828C2F3410257
:10CAF000032A06D0D0F80808C0F34100022802D06B
:10CB000002E0032100E0022108467047406900F07E
:10CB100001007047F0B50746554815462DED028BCC
:10CB200091B000780C4608B105287DD151480078B5
:10CB300018B151480078032876D1FEF74DF94F48D7
:10CB4000002606706846FBF7E3FD242D11D320680C
:10CB5000009060680190A0680290E06803902069EE
:10CB6000049060690590A0690690E0690790206ACA
:10CB700010E0202D0FD32068009060680190A0681D
:10CB80000290E06804902069059060690690A069B1
:10CB90000790E0690890282D01D3606A09902C2D38
:10CBA00001D3A06A0A90302D01D3E06A0B909FED6B
:10CBB000348A342D08D3206BB0F17C5F01DB012077
:10CBC00000E000208DF83000382D01D3606B0D900F
:10CBD0003C2D01D3A06B0E90402D01D3E06B0F9044
:10CBE00028486946D0ED010A274890ED000A2748F9
:10CBF000FBF7E8FDC0B1264903200870254880ED09
:10CC0000008A254890ED100A244880ED000A244847
:10CC100080ED008A234880ED008A234880ED008A59
:10CC2000224880ED008A00E020E0214880ED008A63
:10CC3000204880ED008A204806708670C68080ED0E
:10CC4000088A80ED098A1D480670FCF7C5FA1C4861
:10CC500087F80764007D08B100F058FF012001F05B
:10CC6000D5FB002011B0BDEC028BF0BD0120F9E72F
:10CC70007401002004000020050000200B000020AB
:10CC800000000000C88C0020940000207C4500209B
:10CC90000100002034000020388C002044000020D7
:10CCA000480000209C0000204C0000205000002084
:10CCB000380000203C0000204C4500200A000020E5
:10CCC0003045002010B504461648FBF7E5FE16492E
:10CCD000002084F80704087015489FED140A80EDC1
:10CCE000000A1448D0ED100A1348C0ED000A13489A
:10CCF00080ED000A124880ED000A124880ED000A1B
:10CD0000114880ED000A114880ED000A104880EDBE
:10CD1000000AFCF761FABDE8104005210D48FDF757
:10CD2000D4BC00007C450020010000200000000071
:10CD300034000020388C00204400002048000020EF
:10CD40009C0000204C0000205000002038000020F3
:10CD50003C0000207401002010B526480024048007
:10CD6000254880F80E442548047026489FED240A83
:10CD700080ED000A244880ED000A2448047024480D
:10CD80000470244804702448047024480470244823
:10CD900080ED000A234880ED000A234880ED000A58
:10CDA000224880ED000A224880ED000A21480470E4
:10CDB00080ED080A80ED090AFCF70EFA0022114600
:10CDC0001D48FDF767FC1D4804701D4804701D4890
:10CDD00004701D4804701D480178012902D00178B3
:10CDE000022900D10470BDE8104000211248FDF76F
:10CDF0006CBC00001C000020E08C00200100002022
:10CE000000000000380000203C0000200C00002042
:10CE10000E0000201100002012000020130000204E
:10CE200034000020480000209C0000204C0000201E
:10CE3000500000204C450020740100200700002015
:10CE400008000020090000200A0000200500002042
:10CE500010B5274800242DED028B047026489FED65
:10CE6000258A80ED008A254880ED008A24480470D8
:10CE70002448047024480470244804702448047032
:10CE80002448047024480470FDF7B0FF234880F85C
:10CE90000844FCF7A1F92248047080ED088A80ED6F
:10CEA000098A204880ED008A1F4880ED008A1F48CB
:10CEB00080ED008A1E4880ED008A1E4880ED008AC1
:10CEC0001D4804701D4804701D4804701D480470FE
:10CED0001D480178012902D00178022900D104708F
:10CEE0000521BDEC028B1948BDE81040FDF7EDBBF4
:10CEF0000100002000000000380000203C0000205D
:10CF00000B0000200C0000200E000020110000206B
:10CF100012000020130000200D000020E08C0020F3
:10CF20004C45002034000020480000209C000020D8
:10CF30004C000020500000200700002008000020C6
:10CF4000090000200A0000200500002074010020D4
:10CF5000F0B500259FED180A2C462B462A461029CD
:10CF600029D3D0F800E0D0F804C08768C66811293A
:10CF700000D3057C122900D3447C132900D3837C81
:10CF8000142900D3C27C0D480021C0E90476C0E911
:10CF900002EC8170C180C57004B10124047103B139
:10CFA00001234371012A00D00022427080ED080A5B
:10CFB00080ED0A0AC162F0BD000000004C4500206F
:10CFC00070B5264800229FED260A037825481146B1
:10CFD00053B1052B08D001708170C18080ED080A23
:10CFE00080ED0A0AC16270BD4378012B13D0002482
:10CFF0001D4D2C701D4C84ED000A1D4C84ED000A63
:10D000001C4C84ED000A1C4C84ED000A1B4C84ED82
:10D01000000A13B106E00224EAE7194B1B78032B40
:10D0200000D10122012303708270C18080ED080AC3
:10D0300080ED090A80ED0A0A0AB1124A126EC26234
:10D0400011480170002001F0E1F91048007D00282E
:10D05000C9D0BDE8704000F059BD00007401002047
:10D06000000000004C450020010000203800002096
:10D070003C000020340000204C0000205000002024
:10D0800005000020388C00200A00002030450020D8
:10D09000184900209FED180A08708870C88081ED3B
:10D0A000080A81ED090A81ED0A0AC862134908706D
:10D0B000134981ED000A134981ED000A124981EDFF
:10D0C000000A124981ED000A114981ED000A114957
:10D0D0000870114908701149087011490A78012A2D
:10D0E00002D00A78022A00D1087005210D48FDF708
:10D0F000ECBA00004C4500200000000001000020B8
:10D10000380000203C000020340000204C000020AB
:10D110005000002007000020080000200900002027
:10D1200005000020740100209FED291A0829B0EEA7
:10D13000410AF0EE400A05D30168406800EE101A7B
:10D1400000EE900A10EE100A2249884201DD9FEDA0
:10D15000220A224910EE100A884201D99FED200AC6
:10D16000F5EEC00AF1EE10FA01D2F0EE410A10EE2F
:10D17000900A1C49884201DDDFED1B0A1B48002193
:10D18000244A80ED000A1A48C0ED000A194880EDD3
:10D19000001A194890ED100A184880ED000A184846
:10D1A00080ED001A174880ED001A174880ED001A2C
:10D1B000164880ED001A1648017080ED081A80EDBF
:10D1C000091A0120107014480170FCF705B800001E
:10D1D000000000000000484200004842000048C231
:10D1E000000048C200002042000020423800002019
:10D1F0003C00002034000020388C00204400002037
:10D20000480000209C0000204C000020500000201E
:10D210004C450020010000200A0000202DE9F04FBD
:10D2200005468F4F8D484FF000092DED048B8FB0D0
:10D230000E4697ED100AD0ED109A8A48BCEEC00A4F
:10D2400097ED0C8A90ED0D9A10EE100AC846C4B204
:10D25000FDF7C2FD8449CA4681F800A0DFED838A4C
:10D2600083488549C0ED008A8248C0ED008A81F874
:10D2700000A08248B0EE000A87ED010A80F800A005
:10D28000C0ED088AC0ED098AFBF7A6FF7C4981F84A
:10D2900000A0042E02D3286809EE900A082E02D3BB
:10D2A000686808EE100A0C2E01D3A868B860102E2A
:10D2B00001D3E868F861142E01D32869F860182EAC
:10D2C00001D368693861202E03D3A8697861E869C1
:10D2D00004E0142E03D3E86878612869B861282E29
:10D2E00003D3286AB862686A04E01C2E03D3686915
:10D2F000B862A869F862292E02D395F8280002E0E6
:10D300001D2E01D3287F81462A2E02D395F82900AD
:10D3100002E01E2E01D3687F80462B2E01D395F8A4
:10D320002A40012C00D90024B5EEC08AF1EE10FA93
:10D3300001D2B1EE488AB5EEC09AF1EE10FA0BDDDB
:10D34000B5EEC08AF1EE10FA04D9B4EEC98AF1EE56
:10D3500010FA01DDB0EE498AB5EEC08AF1EE10FA9E
:10D3600001DD87ED0C8A00EE104A3D48B8EE400A18
:10D3700087ED100A01F08EF9424981F800905FEACA
:10D38000080000D0012040490870DFF800B1404893
:10D39000CBED009A97ED0C9A80ED009A3D48C0EDD8
:10D3A000008A2E489BED000AD0ED108A3A4830EEF4
:10D3B000688A80ED008A386902F0D8FC05460E467E
:10D3C000F86802F0D3FCCDE90601F86902F0CEFC62
:10D3D000CDE90401B86802F0C9FCCDE9020118EEFC
:10D3E000100A02F0C3FCCDE9000118EE900A02F029
:10D3F000BDFC81468A4619EE100A02F0B7FC9BED8F
:10D40000000A0746884610EE100A02F0AFFC41EC15
:10D41000100B012C1FD021A00C95CDE90D60DDE98A
:10D420000601CDE90A01DDE90401CDE90801DDE9E4
:10D430000201CDE90601DDE90001CDE904018DE835
:10D44000800753EC102B174800F0E0FA0FB0BDEC4A
:10D45000048BBDE8F08F14A0DEE70000388C0020BC
:10D46000E80500202C06002001000020000000003C
:10D47000380000203C0000200D0000204C4500201A
:10D480000A0000200B0000200C00002044000020B7
:10D4900034000020480000209C00002073696E6763
:10D4A0006C650000F00201086D756C746900000085
:10D4B0001F4910B5002008701F499FED1E0A81ED1D
:10D4C000000A1E4981ED000A1D4908701D490870B7
:10D4D0001D4908701D4908701D4908701D490870D4
:10D4E0001D4981ED000A1D4981ED000A1C4981EDAD
:10D4F000000A1C4981ED000A1B4981ED000A1B4905
:10D50000087081ED080A81ED090A19490870194966
:10D510000870194908701949087000210846FBF77E
:10D5200065FCFBF759FEBDE81040002000F06EBF1F
:10D530000100002000000000380000203C00002016
:10D540000B0000200C0000200E0000201100002025
:10D5500012000020130000203400002048000020AA
:10D560009C0000204C000020500000204C45002072
:10D570000700002008000020090000200A00002009
:10D580002DE9F04704462DED048B002786B0DFF827
:10D59000C08170480D4698ED0C8A90ED0D9A3E467C
:10D5A000FDF71AFC6C49B94681F80090DFED6B8AF3
:10D5B0006B48B7EE000AC0ED008A6A48C0ED008AE9
:10D5C000694888ED010A80F80090C0ED088AC0ED36
:10D5D000098AFBF701FE654981F80090644981F8EA
:10D5E0000090DFF890A1042D02D32268CAF8002031
:10D5F0000C2D05D36268C8F81420A268C8F818205A
:10D60000142D16D3E06800EE900A206900EE100A8F
:10D61000F5EEC00AF1EE10FA04D3B5EEC00AF1EE51
:10D6200010FA02D20120087003E0C8ED0A0A88ED62
:10D630000B0A182D02D3606908EE100A192D01D3C8
:10D64000277E02E0152D00D3277D1A2D01D3667E9B
:10D6500002E0162D00D3667DB5EEC08AF1EE10FA19
:10D6600001D2B1EE488AB5EEC09AF1EE10FA0BDDA8
:10D67000B5EEC08AF1EE10FA04D9B4EEC98AF1EE23
:10D6800010FA01DDB0EE498AB5EEC08AF1EE10FA6B
:10D6900001DD88ED0C8A2E4800F0FCFF364807704B
:10D6A0000EB1012000E000203449087098ED0C8A8A
:10D6B0004446B5EEC08AF1EE10FA14DD9AED000A88
:10D6C0005046B4EEC08AF1EE10FA01D280ED008A25
:10D6D000D0ED000AB1EE480AB4EEE00AF1EE10FA1D
:10D6E00001DD80ED000A2648264990ED100A81ED03
:10D6F000000A90ED0D0A244880ED000A2348C0ED91
:10D70000008AA06902F032FB06460F46606902F00B
:10D710002DFB04460D4618EE100A02F027FB9AED89
:10D72000000A8046894610EE100A02F01FFB41EC09
:10D73000100B02A953EC102B81E8F00014A0CDE9E6
:10D74000008900F063F906B0BDEC048BBDE8F087FA
:10D75000E80500202C060020010000200000000049
:10D76000380000203C0000204C4500200A0000202A
:10D770000D000020340000200B0000200C000020D1
:10D78000388C002044000020480000209C0000202D
:10D790005B464F435D2073706565642073746172EE
:10D7A00074207467743D252E3166206D61783D25A7
:10D7B0002E3166206B703D252E3366206B693D252A
:10D7C0002E3366002DE9F0410D460646072A1ED38A
:10D7D00028781A4CE8B10127277568786075A87910
:10D7E000E075A87800F09CF92060E87800F098F9DE
:10D7F0006060287900F094F9A060687900F090F9F1
:10D80000E06000F083F986F8047486F80A74BDE8D5
:10D81000F081002121756175A175218261822176D7
:10D82000E17521606160A160E16086F8041496F8FA
:10D830000A040128EBD186F80A14E8E730450020F5
:10D840002DE9F05F83461C2A7DD3D1F800A0D1F8E2
:10D850000490D1F80880CD680C694A6988693B4911
:10D8600091ED000A10EE103AB3F17E5F6BDD00EE31
:10D87000102ADFED370AD1ED001A20EE201AB6EE9D
:10D88000000AF0EE400A41EE210AFCEEE00A10EE3A
:10D89000901A00EE900A8FB230EE800ABCEEC00AF9
:10D8A00010EE100A86B2FDF797FA2A48FBF7F4F853
:10D8B0002948007D08B100F029F93146384602EECA
:10D8C000104A01EE905A01EE108A00EE909A00EE96
:10D8D00010AAFDF7F9F9A8B32049042008702148DF
:10D8E0009FED1F0A002180ED000A1F48D0ED100AAD
:10D8F0001E48C0ED000A1E4880ED000A1D4880ED5C
:10D90000000A1D4880ED000A1C4880ED000A1C48F2
:10D9100080ED000A1B4880ED000A1B4801708170F1
:10D92000C18080ED080A80ED090A18480170FBF7F4
:10D9300053FC01218BF80814084600F067FD002015
:10D94000BDE8F09FFFE70120FAE700009400002007
:10D950006F12833A7C4500203045002001000020F2
:10D960000000000034000020388C0020440000201B
:10D97000480000209C0000204C00002050000020A7
:10D98000380000203C0000204C4500200A00002008
:10D9900070B500240AE00D5D641CE4B20E19241D6C
:10D9A0003668E4B29D4201D240F82560651D95427B
:10D9B000F1D970BD2DE9F041C2B080466C461BE044
:10D9C0009DF801009DF802109DF80370162813D1F0
:10D9D0004A1ED6B26218D578E21CF5F7ADF9A84216
:10D9E000334604F10402394603D0FF2000F0ECF87E
:10D9F00002E04046FEF73EFC41A9684600F0C2FD49
:10DA00000028DDD042B0BDE8F08100000FB410B5B1
:10DA1000029A002A13D00B4C207800280FD103ABB8
:10DA2000A0210948F2F768FD002808DDA02800DBE6
:10DA30009F20607001202070044981F8090410BC07
:10DA40005DF814FB2C0400202EAC0020E08C00209C
:10DA5000D0F81818D0F81C08084080B27047D0F8E9
:10DA60001818D0F81C080840000C7047D0F810387F
:10DA7000D0F83428CA4002F0010243EAC21200EB97
:10DA80004110D0F808091040704700EB4111D1F85F
:10DA9000081BD0F8140808407047416980690840A5
:10DAA000704710B503460020D21C920803F580533E
:10DAB00003E01C6841F8044B401C9042F9D308462F
:10DAC00010BD0000F0B50023084A094E0BE0C55C0C
:10DAD00054889788641CC4F30804BC4202D0578859
:10DAE000F55554805B1C8B42F1D3F0BD2C04002013
:10DAF0002EAA002004480021A0F80411A0F8061165
:10DB000080F808117047000024A900200348002174
:10DB1000018241828175C17D0176704730450020C8
:10DB200012282CD2DFE800F02B090B0D0F11131572
:10DB300017191B1D1F21232527291248704712483A
:10DB40007047124870471248704712487047124891
:10DB50007047124870471248704712487047124881
:10DB60007047124870471248704712487047124871
:10DB7000704712487047124870471248704700209B
:10DB800070470000A0000020A4000020A800002092
:10DB9000B0000020B4000020B8000020BC0000202D
:10DBA000C0000020C4000020C8000020CC000020DD
:10DBB000D0000020D8000020DC000020E000002081
:10DBC000AC000020D40000202DE9F0431D00814668
:10DBD00005F10100C1B0C6B24FF002008DF800009F
:10DBE0008DF801908DF8026013466F464FF00308E0
:10DBF0008DF803104FF0040406D02BB12A461946C5
:10DC0000381DF2F793FC2C1D3D46FA1C3146484660
:10DC1000F5F792F82855611C684605F80180A11CAB
:10DC200000F024FD41B0BDE8F08300002DE9F04193
:10DC3000394C94F8461000296CD094F84A10002909
:10DC400068D0B4F88A11002964D0B4F88C31002669
:10DC500099425DD9C91A89B2082901D9082500E07D
:10DC6000CDB294F847102C4A017002F5C071B2F899
:10DC70008C21A0F80120C5704A8982800969C0F80A
:10DC800006100A21DFED251A002200BFB0EE610A5E
:10DC90009F18B4F88AC1BFB2F0EE400AB0EE401A45
:10DCA000BC450BD904EB870707F5006CD7ED650A77
:10DCB00007F5A0579CEDBD0A97ED151A00EB010C76
:10DCC00010EE907A091DCCF80070C9B200EB010C7F
:10DCD00010EE107A091DCCF80070C9B200EB010CEF
:10DCE00011EE107A091D521C92B2CCF80070C9B224
:10DCF000082ACBD302463820FCF788FDB4F88C0103
:10DD0000284480B2A4F88C01B4F88A11884201D367
:10DD100084F84A60BDE8F0817C45002000000000E6
:10DD200038B504462F48304990ED000AD1ED000A7D
:10DD300020EE200ADFED2E0ABDEEC00A10EE102AFA
:10DD4000B0EE600AADF80020284A92ED001A294A88
:10DD5000D2ED011AFCEEE11A11EE902AD2B2022A9B
:10DD600008D1254A12782AB9244AD2ED000A244A59
:10DD700092ED000A234A128824F8022B02682260DE
:10DD80008269626011EE102AA260426BE260D0EDFF
:10DD90000D1A31EE611A11EE102A226110EE902A4E
:10DDA0006261006CA06110EE100AE06108682062F8
:10DDB000BDF80000A08414480068C4F82600134889
:10DDC0000068C4F82A0012480068C4F82E00A41E97
:10DDD00034212246E120FCF719FD002084F80E04CE
:10DDE00038BD0000388C0020500000204800002082
:10DDF00000000000E8050020010000204400002091
:10DE00009C0000201C0000200001002004010020D4
:10DE1000080100202DE9FF5FDFF8A8A20446DAED33
:10DE2000002A9FEDA90AA94922EE802A91ED001A45
:10DE30009AED0D0A71EE401ADFEDA50ADFF894B2F3
:10DE4000B0EE600A9BED003A62EE832AFDEEE22A14
:10DE500012EE900AADF800009F4890F80080B8F1EB
:10DE6000040F23D0B8F1020F20D04FF0000C9B48D4
:10DE700002889B48ADF804200178DFF86CE29948ED
:10DE80009EF80060D0F800909EF801509EF8453052
:10DE90009EF84670BAF87400ADF80800BAF876003B
:10DEA000ADF80C00D00504D5032215E04FF0010CAD
:10DEB000DDE7900501D504220EE08C4890F9102092
:10DEC000002A01DD022207E0B8F1010F01D0408AEB
:10DED00008B1012200E000228548D0ED012AFCEEC5
:10DEE000E22A12EE900AC0B2022806D129B981486E
:10DEF000D0ED000A804890ED000A04F822CB12EE23
:10DF0000100A44F8210CDAF818C044F81DCC11EEC0
:10DF100010CA504644F819CCDAF834C044F815CC8D
:10DF200011EE90CA44F811CC10EE90CA44F80DCC12
:10DF3000DAF840C044F809CC10EE10CA44F805CC19
:10DF4000DBF800C044F801CCBDF800C0A4F803C061
:10DF5000BDF804C0A4F805C0E171C4F80890016AD6
:10DF6000E160416A2161816A61610169A161416980
:10DF7000E161C16A2162016B61624168A1628168ED
:10DF8000E162C1682163C16961635C490968A16399
:10DF90005B490968E1635B49096821645A4909687A
:10DFA00061645A490968A16459490968E164594999
:10DFB0000968216558490968616558490968A1657A
:10DFC00057490968E1655749096821665649096852
:10DFD000616656490968A166D0F88810E166416D0E
:10DFE000216753490968616752490968A167524925
:10DFF0000968E1675149097884F880105049096837
:10E00000C4F881104F49097884F885104E49096891
:10E01000C4F886104D490968C4F88A10006EC4F827
:10E020008E004B480068C4F892004A48007884F893
:10E0300096004948007884F897004848007884F8AA
:10E04000980084F8996084F89A5004F89B3F264918
:10E050006770DEF8640044F8020F2348806E606049
:10E060002148C06EA0602048006FE0601E48406FED
:10E07000206101F18000D1F8841061618168A161A3
:10E08000C168E1610169216241696162BDF80810FE
:10E090002185BDF80C1024F82A1FF821A270806990
:10E0A00044F8030F1048806F60600F48C06FA06095
:10E0B000EC3C22463520FCF7A9FB002084F8000444
:10E0C000BDE8FF9F388C0020CDCCCC3D480000201F
:10E0D0000000000050000020740100201C000020FF
:10E0E000010000204C0000207C450020C88C00204E
:10E0F000E8050020440000209C000020380000209B
:10E100003C00002064000020680000205C0000202B
:10E11000540000206C0000207000002074000020DB
:10E12000780000207C0000205800002060000020C3
:10E1300080000020840000208800002002000020D1
:10E140009000002003000020940000209800002090
:10E15000E800002004000020050000200600002048
:10E160002DE9F0411446002294F80B644FEA0203B3
:10E1700094F80C541D44EDB2B5420DD2A554521C76
:10E18000D2B2A71801EB8505121D5B1C2D68DBB20E
:10E190003D60D2B2142BEBD30D21A154521CD1B24D
:10E1A0000A226254491CC9B22246FCF72FFB94F89C
:10E1B0000C04143084F80C04BDE8F0812DE9F04122
:10E1C000284CA17D002937D0618A642936D201808C
:10E1D000628A4FF6FF7302EB8202022103EA4202D7
:10E1E0001BE000BF204F03EA8205461807EB8505B8
:10E1F000091D2F683760C9B246186F683760091D5E
:10E20000C9B24618AF683760091DC9B24618091D62
:10E21000ED68521C3560C9B292B2658A6D1C05EB7F
:10E22000850503EA45059542DCD802463420FCF713
:10E23000EDFA608A401C6082BDE8F08100216182B5
:10E24000A175627D1AB12182E07D2076F4E7217507
:10E2500080F8041490F80A24012AEDD180F80A14F9
:10E26000EAE7000030450020B00600202DE9F04F1D
:10E27000044651488BB04FF0000AC178B9B181888B
:10E28000A9B10289ADF800200146C38849789046BB
:10E29000934211D80278002A0BD1032903D0042914
:10E2A00001D0052905D1514680F803A081E084F80A
:10E2B00008A40BB0BDE8F08FA3EB080292B2062AC7
:10E2C00001D9062200E0D2B22170BDF80010A4F8F6
:10E2D0000110E270818806269346A18000258146C0
:10E2E00008EB050087B228216846F2F796F9B9F8DD
:10E2F0000610B9423BD909EB870303F5806093ED23
:10E30000150A8DED000A90ED160A03F500608DEDFB
:10E31000010A90ED170A03F540608DED020A90EDB9
:10E32000180A03F580508DED030A90ED190A03F5E4
:10E33000A0508DED040A90ED1A0A03F5C0508DED42
:10E34000050A90ED1B0A03F5E0508DED060A90EDED
:10E350001C0A03F500508DED070A90ED1D0A03F528
:10E3600010538DED080A93ED1E0A8DED090AA019D0
:10E3700028226946F2F7DAF828366D1CADB2F6B2FB
:10E38000062DADD3224631463A20FCF73FFAB9F8C4
:10E390000820484602EB0B0189B2A9F8081099F849
:10E3A0000020002A85D1C288914282D3514689F843
:10E3B00003A084F808147CE73063002010B5C2681D
:10E3C00022F0C042C260012901D021B107E0C1683A
:10E3D00041F0005102E0C16841F08041C16032204B
:10E3E000F6F770F8002010BDD0F8002822F4FE6285
:10E3F000C0F80028D0F800284FF4FE6303EA0111AA
:10E400000A43C0F8002800207047000010B50446F9
:10E410001048FAF787FF1049002008800F4981F85B
:10E420000E048CB10E48007870B90E48007858B9C7
:10E430000D48007840B90D480078032804D00C48F6
:10E4400001780120FAF7D2FCBDE81040012109480B
:10E45000FCF73BB9C88C00201C000020E08C002099
:10E460004C4500200700002004000020050000208B
:10E47000010000207401002070B5044690F80E04DD
:10E4800028B13A48008810B12046FFF749FC94F8BB
:10E4900001040025012817D194F80A04022813D199
:10E4A00094F80C0494F80B14884205D222463049A3
:10E4B0003220FFF755FE07E084F8015484F80C542D
:10E4C00084F80B5484F80A5494F80204012817D1F4
:10E4D00094F80A04022813D194F80C0494F80B144D
:10E4E000884205D2224623493320FFF739FE07E050
:10E4F00084F8025484F80C5484F80B5484F80A54B9
:10E5000094F80404012806D194F80A04012802D1E1
:10E510002046FFF753FE184890F8461029B190F8AE
:10E520004A0010B12046FFF781FB94F80804012847
:10E5300002D12046FFF79AFE94F8090401280CD175
:10E540000E4E307838B1717829B10D4A3920FCF778
:10E550005DF93570757084F8095494F80004012849
:10E5600002D12046FFF756FC002070BD1C000020A1
:10E57000E80500202C0600207C4500202C0400200B
:10E580002EAC00202DE9F0478846814601272A4C11
:10E590002A4D30E0022E2ED1FFF7ACFA84F8087134
:10E5A000B4F804012654B4F80401401CA4F8040192
:10E5B00021E000BFB4F80401B0F5827F19D22654DF
:10E5C000B4F80401401C80B2A4F80401032806D169
:10E5D000A17871B1FA290CD8491DA4F80611B4F834
:10E5E000062142B1904206D11348401E105C032818
:10E5F00008D0FFF77FFA6888A98888420ED10120E9
:10E60000BDE8F0870C494846F1F790FFB4F80611D1
:10E61000A8F80010FFF76EFA0020F1E70849A88873
:10E620000E5CA888401CC0F30800A88094F808017C
:10E630000028BFD1AEE7000024A900202C04002050
:10E640002EAA002030B50024039D6DB9DB1C9B0869
:10E6500000EB023000F5805004E000BF51F8042BBD
:10E660000260641C9C42F9D3002030BD70B50D4699
:10E6700006464CF2503401E0641E08D0294630466C
:10E68000F4F7B6FA0128F7D00CB1002070BD0120D4
:10E6900070BD000070B504002DED048B7DD094EDAD
:10E6A000010AB7EE008ABCEEC00A10EE100AC0B232
:10E6B000012806D010EE100AC0B2022801D084ED65
:10E6C000018A206C00F0EFFC9FED589A40B194ED68
:10E6D000100ABCEEC00A10EE100AC0B2012801D91F
:10E6E00084ED109A94ED020AB5EEC00AF1EE10FA2C
:10E6F00003D29FED4F0A84ED020A94ED070AB5EEAE
:10E70000C00AF1EE10FA03D2B6EE000A84ED070A51
:10E7100094ED030AB5EEC00AF1EE10FA01D284EDD1
:10E72000039A94ED040AB5EEC00AF1EE10FA03D88C
:10E730009FED400A84ED040A94ED050AB5EEC00A87
:10E74000F1EE10FA03D29FED3C0A84ED050A94ED38
:10E75000060AB5EEC00AF1EE10FA03D2B1EE040AD1
:10E7600084ED060A94ED0C0AB5EEC00AF1EE10FA3B
:10E7700003D89FED320A84ED0C0AD4ED0A0A9FED0E
:10E78000300AF5EEC00AF1EE10FA01D884ED0A0A5B
:10E79000D4ED0B0AF5EEC00A00E044E0F1EE10FA09
:10E7A00001D884ED0B0AD4ED0C8AF5F72DFAC8EEEA
:10E7B000000A244DC5ED000A94ED050A85ED020A14
:10E7C00094ED060A85ED030AF5F78EF985ED040A46
:10E7D000B1EE400A85ED050AF5F716FAC8EE000A13
:10E7E00005F134001849C0ED000A94ED020A80EDED
:10E7F000020A91ED078AB5EEC08AF1EE10FA01D255
:10E80000B0EE498A80ED038A104CC0ED048AF1EE27
:10E81000680AC0ED050AB0EE681A94ED0D0AF4F727
:10E82000EBFC84ED0D0ABDEC048B70BD0000000014
:10E83000CDCC4C3D000048420AD7A33C0080BB44ED
:10E8400000007A4348020020E80500200000002074
:10E850001748807D002829D016484168164A9069DB
:10E860009161A2F18002081A10601FD01349096853
:10E8700000291BD000EE101AF8EE400A00EE100A34
:10E88000B8EE400A80EE801A00EE100ADFED0C0AA6
:10E89000B8EE400A60EE200A00EE101AB8EE400A08
:10E8A00082ED021A80EE801A82ED011A7047000094
:10E8B00000000020001000E0000100200C030020F8
:10E8C0000024744970B51A4CA078E17D04F18005EC
:10E8D00004F5807688420AD0A078E075E868F06197
:10E8E000F6F7EAF89FED130A306285ED040AA07886
:10E8F00000281BD0F6F7E0F8316A411AC82915D371
:10E90000EA68F369DFED0C0AD21A00EE102AB8EEBD
:10E91000400A60EE200A00EE101AB8EE400A80EEBF
:10E92000801A85ED041AE968C6E9071070BD000079
:10E93000000000200000000000007A4470B52DEDBA
:10E94000040B2DED028BF0EE408A00F0CFFEB0EE0E
:10E95000408AB0EE680A00F00BFDF0EE408A04A990
:10E9600003A8F3F74BFE144D9DED030A284685EDF1
:10E97000000A9DED040A85ED010A2969884795ED95
:10E98000020A05F11404204684ED000A95ED030AFD
:10E9900084ED010A84ED028AC4ED038AA1698847E7
:10E9A000064894ED040A80ED040A94ED050A80ED12
:10E9B000050ABDEC028B7FBD7C010020388C002055
:10E9C00070B5684E2DED048B96ED088AB5EEC08AC1
:10E9D000F1EE10FA01DC9FED648AF5F703F9634C60
:10E9E000D4ED220AF8EEE00A20EE200A9FED609AAC
:10E9F00020EE090AC0EE088A96ED130AB5EEC00AA9
:10EA0000F1EE10FA01D1F1EE688A5A4DB0EE680AC3
:10EA1000C5ED158AF5F710FCF0EE400A94ED0E0AEC
:10EA200038EEC01A00EE810A84ED0E0A84ED0D0A5C
:10EA300094F87A00F0EEC00A00EE100A05F5807036
:10EA4000B8EE400A80EE091A20EE810A85ED170A19
:10EA500094ED100AC0EE080AC5ED1D0A94ED220AD5
:10EA6000D0ED030AB8EEC00A30EE201A80ED031A8A
:10EA700090ED040A30EE280A80ED040AD0ED050A74
:10EA8000D5ED171A70EEA10AC0ED050A298D491CB3
:10EA900089B22985FF2921D901EE901AF8EE611A71
:10EAA00081EE212A01EE101AB8EE411AC0EE011AC9
:10EAB00000EE101A85ED1C2AB8EE400A80EE801A8E
:10EAC0009FED2D0AC5ED161A85ED181A80ED030A83
:10EAD00080ED040A80ED050A0020288596ED130AD2
:10EAE000B5EEC00AF1EE10FA94ED150AB8EEC00AC0
:10EAF00001D038EE400AD4ED180AF8EEE00A30EE04
:10EB0000800AF0EE480A00F037FDB5EEC00AF1EEDB
:10EB100010FA01D230EE080A94F87A00C0EE080A22
:10EB2000B7EE000A30EE600ADFED140A20EE200A8C
:10EB300000EE900AF8EE600A20EE808A00F04CFAAF
:10EB400085ED1E0AB0EE480A00F046FA85ED1F0A70
:10EB5000B0EE480A00F040FA84ED070ABDEC048BE1
:10EB600070BD00002C06002000008049388C002079
:10EB7000000070420000002000000000DB0FC940D0
:10EB800070B504002DED048B7ED094ED070AB5EE30
:10EB9000C00AF1EE10FA03D8B0EE080A84ED070AB5
:10EBA00094ED080AB5EEC00AF1EE10FA03D89FED15
:10EBB000750A84ED080A94ED0B0AB5EEC00AF1EE71
:10EBC00010FA03D8B1EE000A84ED0B0A94ED000AA6
:10EBD000B5EEC00AF1EE10FA03D89FED6B0A84ED92
:10EBE000000A94ED010AF0EE000AB5EEC00AF1EE5B
:10EBF00010FA05D894ED000A20EE200A84ED010AEF
:10EC000094ED090AB5EEC00AF1EE10FA03D89FEDB3
:10EC10005F0A84ED090A94ED0A0AB5EEC00AF1EE26
:10EC200010FA03D89FED5A0A84ED0A0A94ED0D0AF2
:10EC3000B5EEC00AF1EE10FA03D89FED560A84ED46
:10EC40000D0A94ED100AF7EE008AB5EEC00AF1EE57
:10EC500010FA01D2C4ED108A94ED110AB5EEC00A83
:10EC6000F1EE10FA03D29FED4C0A84ED110AD4EDB7
:10EC7000081A94ED001A94ED010AD4ED109A94ED5F
:10EC8000119AFCEEE11A00E079E04448B5EEC00AC2
:10EC9000C0ED141AD4ED0B1AFCEEE11A11EE901A25
:10ECA00080F87A10D4ED121AFDEEE11AF1EE10FAA6
:10ECB000C0ED181A01D821EE200AB1EE081AF6EEBE
:10ECC000000AF4F799FA3548903080ED010AF4F71C
:10ECD00089FFC8EE800A32489FED328AC0ED000AF3
:10ECE000C0ED029A80ED039A80ED048A80ED058ADA
:10ECF000F4F778FFC8EE800A29484FF0C841343055
:10ED0000C0ED000AC0ED029A80ED039A80ED048AFE
:10ED100080ED058A94ED070ABCEEC00A10EE100AD9
:10ED20004881214C0025E5732574F5F7C5FE04F1F3
:10ED30008001C8661D4890ED070ABCEEC00A10EEBF
:10ED4000100A072810D006DC01280DD002280BD0AD
:10ED5000042804D108E00B2806D00C2804D0002099
:10ED60002071207910B102E00120F9E7A5710F4868
:10ED7000BDEC048B4438BDE87040FFF78BBCBDECA4
:10ED8000048B70BD00008049CDCCCC3F00004843CF
:10ED90000000B64200803B4500001643388C00203E
:10EDA000E001002000000000000000202C060020F0
:10EDB00010B5324C2DED048BB0EE609A19EE100AAE
:10EDC000DFED2D9AB0EE418AF0EE408AB0F17E5F21
:10EDD00004DDB5EEC08AF1EE10FA08D8C4ED108A51
:10EDE000B0EE690A84ED110ABDEC048B10BDF4F796
:10EDF0006DFE94ED100A012838EEC00A03D0F0EE43
:10EE0000490A00F0FFF8C4ED108AC0EE088A1C48D9
:10EE100090ED040AB5EEC00AF1EE10FA01D89FEDAC
:10EE2000190AB5EEC00AF1EE10FA1ADDB7EE001AB3
:10EE3000DFED150A60EE200A81EE200AB7EE001A17
:10EE400070EE080A88EE200AF0EE690AF4F7D4F9A9
:10EE5000D4ED110A38EEE01A40EE010AC4ED110AB1
:10EE600001E0C4ED118A94ED110ADFED080A60EEAD
:10EE7000200A80EE890AB7E70000000000010020A8
:10EE8000E805002000004842DB0FC9400000704246
:10EE900010B5234C207D002808D0A07D002805D186
:10EEA00000F044F8207E10B1401E207610BDE07DB9
:10EEB0002076208AB0F57A7F05D3002020826082F8
:10EEC0000120A07510BD4FF6FF719FED160A226854
:10EED00001EA800112B1D2ED000A01E0F0EE400A31
:10EEE000114A02EB8101C1ED000A626812B1D2ED54
:10EEF000000A01E0F0EE400AC1ED010AA26812B179
:10EF0000D2ED000A01E0F0EE400AC1ED020AE2682B
:10EF10000AB192ED000A401C81ED030A208210BD67
:10EF20003045002000000000B0060020274A284994
:10EF300002F1800092ED120A00F1800380ED080AD0
:10EF400091ED0D0A80ED090A93ED1B0A80ED0B0A85
:10EF5000D2ED140AC0ED0A0A91ED050A80ED0C0A03
:10EF600091ED080A80ED0D0A91ED090A80ED0E0A77
:10EF700091ED0A0A80ED0F0A91ED000A80ED100A6A
:10EF800091ED060A80ED110A90ED070A80ED120A54
:10EF900093ED1C0A80ED150A92ED130A80ED140A18
:10EFA00091ED041A80ED131A91ED0B1A80ED161AEB
:10EFB00091ED0C1A80ED171A92ED151A80ED181AC2
:10EFC000C3ED1B0A83ED1C0A7047000000000020FF
:10EFD000388C0020FEE7000010B52DED028B9FED70
:10EFE000088AF0EE480A00F0C7FAB5EEC00AF1EE62
:10EFF00010FA01D230EE080ABDEC028B10BD000001
:10F00000DB0FC94010B52DED028BB0EE608A18EE13
:10F01000100AB0F17E5F17DDF0EE480A00F0ACFA9E
:10F02000F6EE000A68EE200AB4EEE00AF1EE10FAFD
:10F0300001DD30EE480AF1EE600AB4EEE00AF1EECE
:10F0400010FA01D230EE080ABDEC028B10BDFEE7CB
:10F0500003B401984100009850EAC12018BF042071
:10F060004A0D18BF40F0010040F2FF72B2EB515F51
:10F0700008BF40F00200012808BF052002B0704719
:10F080004100080218BF04200A0E18BF40F001001A
:10F090004FF07F4232EA010108BF40F00200012830
:10F0A00008BF052070476FEAD05010F0FF0000D075
:10F0B000012070476FEAD05010F0FF0000D001200F
:10F0C0007047000070B54FF068422DED048BF0EEF4
:10F0D000408A18EE900AB0EE608A18EE101A02EB21
:10F0E0004003B3F1654F3CBF02EB4102B2F1654F03
:10F0F0007DD200BFC0F3C753C1F3C7529A1A1B2A6F
:10F1000009DD10F0004F14BF9FED830A9FED830AC5
:10F11000BDEC048B70BD12F11A0F36DA11F0004FFE
:10F1200009D010F0004F0CBF9FED7D0A9FED7D0AC6
:10F13000BDEC048B70BD88EE889A19EE100AFFF7BB
:10F140009FFF042808BF00F0C5FB18EE900AFFF7E8
:10F1500097FF054618EE100AFFF792FF044619EED6
:10F16000100AFFF78DFF042D18BF052D08D1042CC0
:10F1700018BF052C04D1002804BF0220F1F7CFFAF4
:10F18000B0EE490ABDEC048B70BD4200B2EB410FFA
:10F190003AD910F0004F19BFDFED630A9FED630A03
:10F1A000DFED630A9FED630AB0EE481A0A46B1EE3E
:10F1B000688A80F00041F0EE418A10460A1A520037
:10F1C000B2F1807F34D2484010F0004FDFED5A1A80
:10F1D0009FED5A2A1DBFBEEE001A70EEE10A30EE16
:10F1E000420AB6EE001A08BF70EEA10A00E040E045
:10F1F00008BF30EE020AB0EE682A01EE482A08EE97
:10F20000818AC2EE081A15E011F0004F04BF9FED8D
:10F210004C0AF0EE400AD1D010F0004F19BFDFEDDC
:10F22000490A9FED490ADFED490A9FED490AC5E702
:10F23000C8EE881A21EEA11A9FED462ADFED462A74
:10F2400041EE022A9FED452A01EE222ADFED442AF3
:10F2500041EE022A9FED432ABDEC048B01EE222AE7
:10F2600021EE811A01EE020A30EE210A30EE200A68
:10F2700070BD4FF07F42B2EB400F28BFB2EB410FA1
:10F2800009D2F0EE480AB0EE680ABDEC048BBDE886
:10F29000704000F013BB40EA01035B0008BF41F07F
:10F2A000FF410BD0B2EB400F08BFB2EB410F08D1CA
:10F2B00020F0804008EE900A21F0804108EE101AFC
:10F2C00018E7B2EB400F12BF5FEA410340F0FF4086
:10F2D00001F000413FF40EAFB2EB410F12BF5FEA05
:10F2E000400200F0004041F0FF413FF403AF4A000C
:10F2F00092EA40033FF5FEAE002AACBF9FED1A0A2A
:10F300009FED1A0A68EE808A28EE008A18EE900AAD
:10F3100018EE101AEEE60000DB0FC9BFDB0FC93F85
:10F32000DB0F4940DB0F49C00000C9BF22AAFDB96D
:10F330000000C93F22AAFD390060ED3EC30ACE3766
:10F3400000000000000049C022AA7DBA0000494028
:10F3500022AA7D3A2DAD65BD8FB8D53D0FB511BE42
:10F3600061C84C3EA8AAAABE0000804F0000802FB2
:10F3700010EE101A08B5444A6846B2EB410F28D97E
:10F380004FF0E640B0EB410F94BF00204FF0FF304C
:10F3900000900098002861DB60EE000A10F0010F79
:10F3A00045D010F0020FDFED391A9FED391A00EE4B
:10F3B000E11ADFED381A40EE811A21EEA01AF0EEC4
:10F3C000400A40EE010A08BFF1EE600AB0EE600AA2
:10F3D00008BD314B21F0004293423CD911F0004F5F
:10F3E000DFED2E0A20EE201ADFED2D0A19BF31EED7
:10F3F000601A71EE200A31EE201A71EE600ABDEE3D
:10F40000E01A11EE100A9FED271A00F0030000EE3B
:10F41000C10A9FED251A009000EEC10A9FED231A44
:10F4200000EEC10A9FED221A00EEC10AB1E79FED7E
:10F43000211A9FED210A10F0020F00EE810A9FEDC4
:10F440001F1A00EE801AB7EE000A00EE810A18BFFC
:10F45000B1EE400A08BD00F045FA9AE710EE100A36
:10F460004000B0F17F4F3CBFB7EE000A08BD07D1A6
:10F470004FF00100F1F753F9BDE8084000F022BA5F
:10F48000BDE8084000F017BAB61F927E336D4C39C4
:10F49000DA82083CA0AA2ABE490E494683F9223FD7
:10F4A0000000004B0000C93F00A0FD390020A2333E
:10F4B0001A61342CB93AB2BACA9F2A3DDDFFFFBEA9
:10F4C00010EE100AC0F3C7517F391729A8BF704743
:10F4D000DFED140A002970EE200A0DDAF5EEC00AFD
:10F4E000F1EE10FA1ADD0028A8BF002016DAB0F1FC
:10F4F000004F18BF0C4811E00C4ACA40104208BF28
:10F500007047F5EEC00AF1EE10FA07DD002804DAC4
:10F510004FF4000323FA01F10844904300EE100A6F
:10F5200070470000CAF24971000080BFFFFF7F00F2
:10F5300010B52DED028BB0EE608AF0EE408A18EE29
:10F54000101A18EE900A00F049FC00F07040B0F17B
:10F55000005F0CD018EE100A20F00040C0F1FF4010
:10F56000C00F02BFB0EE480ABDEC028B10BDB0EE7A
:10F57000680ABDEC028B10BD10B52DED028BF0EECC
:10F58000408A18EE900AB0EE608A20F00040C0F188
:10F59000FF40C00F07D118EE100A20F00040C0F164
:10F5A000FF40C00F2BD018EE101A18EE900A00F092
:10F5B000C1FC00EE100A10EE100A6FEAD05010F0F5
:10F5C000FF0F04BFBDEC028B10BD18EE900A00F0D7
:10F5D000004110EE100A00F00040814204BFBDEC73
:10F5E000028B10BD18EE101A10EE100ABDEC028B43
:10F5F00061F31E0000EE900A30EE600A10BD18EEB6
:10F60000900A4FF07F41B1EB400F1CBF18EE100A7B
:10F610005FEA4000C7D10120F1F781F8BDEC028B11
:10F62000BDE8104000F04EB910B52DED028BF0EEA4
:10F63000408A18EE900A00F0F7FC08EE100A18EE67
:10F64000900AB7EE000A78EEC80A10F0004F4FF0AB
:10F650007F4010EE901A12D0B1F13F4F24BF10EE50
:10F66000901AB0EB410F12D210EE901AB1F17C5FFC
:10F670001CDD10EE901AB0EB410F17D314E0B1F17E
:10F680003F4F07D910EE901AB0EB410F02D338EE7E
:10F69000408A0BE010EE901AB1F17C5F06DB10EEB1
:10F6A000901AB0EB410F01D338EE008A18EE101A11
:10F6B000B1F19E4F04DD18EE101AB0EB410F09D2E4
:10F6C00018EE101AB1F14F4F07D918EE101AB0EB1F
:10F6D000410F02D30120F1F722F818EE100ABDEC19
:10F6E000028BBDE8104000F0A2BB000000B510EE98
:10F6F000101A2DED028B81B0524A6846B2EB410FD1
:10F700002ED94FF0E640B0EB410F94BF00204FF0F0
:10F71000FF3000900098B0EE408A00286ADB10F0BD
:10F72000010F4BD068EE080A9FED471A9FED470A7C
:10F7300000EE810A9FED461A10F0020F00EE801ACB
:10F74000B7EE000A00EE810A02BF01B0BDEC028BE9
:10F7500000BD00BF01B0B1EE400ABDEC028B00BDA0
:10F760003C4B21F00042934241D911F0004FDFEDB4
:10F770003A0A20EE201ADFED390A19BF31EE601A7D
:10F7800071EE200A31EE201A71EE600ABDEEE01A29
:10F7900011EE100A9FED321A00F0030000EEC10ACC
:10F7A0009FED301A009000EEC10A9FED2F1A00EE77
:10F7B000C10A9FED2E1A00EEC10AABE728EE080A37
:10F7C0009FED2B1ADFED2B0A10F0020F40EE410ADD
:10F7D0009FED291A00EE201A61EE000AB0EE480AE9
:10F7E00008EE200AB6D101B0BDEC028B00BD00F0DE
:10F7F00079F88FE718EE100A4000B0F17F4F0DD274
:10F8000018EE100AFFF73CFC042808BF00F062F86D
:10F81000B0EE480A01B0BDEC028B00BD09D1012059
:10F82000F0F77DFF01B0BDEC028B5DF804EB00F05A
:10F8300049B801B0B0EE480ABDEC028B5DF804EBAC
:10F8400000F039B8B61F927EB93AB2BACA9F2A3DC3
:10F85000DDFFFFBE490E494683F9223F0000004B01
:10F860000000C93F00A0FD390020A2331A61342CEA
:10F87000336D4C39DA82083CA0AA2ABE10B52DEDB2
:10F88000028BB1EEC08A18EE100A20F00040C0F1E1
:10F89000FF40C00F0AD010EE100A20F00040C0F167
:10F8A000FF40C00F04BF0120F0F739FFB0EE480A57
:10F8B000BDEC028B10BD30EE000A704730EE200A1E
:10F8C00070470000DFED020A80EEA00A70470000DA
:10F8D000000000009FED020A20EE000A70470000C1
:10F8E000000000102DE9F0014FF07F42B2EB410F14
:10F8F0009FBF4FF0FF310160BDE8F00170474FF04E
:10F90000004242EA0123C1F3C752783A551112F07E
:10F910001F0C434CCCF120067C44C1F3C752A2F12A
:10F9200078024FEA621204EB820254F8254008BFC5
:10F93000D2E9015612D0556804FA0CF425FA06F7FC
:10F940003C43976805FA0CF527FA06F8D26807FADF
:10F950000CFCF24045EA08054CEA0206A4FB034C05
:10F96000A5FB0352A6FB03631D449D4234BF012641
:10F9700000261319334416B1934202D903E093428F
:10F9800001D2012200E00022624402F1200C920622
:10F99000DC0C42EA443200EE102A5B03DFED210A60
:10F9A000F8EEC01A00EE103A4FEA9C1C11F0004F1E
:10F9B000B8EE400AC0F800C020EE201A00EE105A3F
:10F9C000DFED190AB8EE400A20EE200A71EE810A36
:10F9D00070EE800A10EE902A02F500626FF30B02BF
:10F9E00000EE902A70EEE11A31EEC11ADFED101A26
:10F9F00030EE411A9FED0D0A20EE800A01EE210A39
:10FA00009FED0C1A00EE810A04BFBDE8F0017047BB
:10FA1000CCF180510160BDE8F001B1EE400A7047C1
:10FA200058080000000000360000802C22AAFD29A2
:10FA3000DB0FC92F0000C92F30380A2801D201205E
:10FA40007047002070470000F5F744F8FBF72CFAE8
:10FA5000FBF77AFA4D48016841F0807101604C482B
:10FA600000254560016841F0010101604068494995
:10FA7000A1F5807688610120A1F18004B075256030
:10FA80009FED450A84ED010A84ED020AF6F7F6FCC3
:10FA9000F6F74EFEF6F70CFEF6F792FCF6F7B4FE1C
:10FAA000F6F764FC3D48F6F733FA3C489030F9F736
:10FAB00039FC04F1F400FAF701FE384840F20F4136
:10FAC000A830F0F7AAFD3648F8F745FD42F60811D0
:10FAD0003448F0F7A2FDF6F7BFFA334F112138464C
:10FAE000F3F750FE20B1112230493846F6F764FB97
:10FAF0002F4F21213846F3F745FE28B12B4921220B
:10FB000044313846F6F758FB2848FEF7C3FD27482E
:10FB10004430FFF735F8F6F75BFBF9F791FB1F4828
:10FB2000006EA0660020F2F7A9FB204941F2824056
:10FB3000DC39096808641D480C21DC38F6F77CF9CB
:10FB4000012211461B48F4F7B2FF18484FF0C84194
:10FB5000443090ED070ABCEEC00A10EE100A48814E
:10FB6000F5733574F4F7A8FFE066FAF785FE00BF79
:10FB7000FAF782FEFEF7A6FE0848A830FDF71AFF46
:10FB80000648A830FEF778FCF2E70000FCED00E044
:10FB9000001000E00001002000000000388C002070
:10FBA0007C4500203063002000F00508E8050020B7
:10FBB000000006080018024090ED001AD0ED030A7C
:10FBC00090ED010AD0ED021A21EE202A00EE212A42
:10FBD00020EE200A01EE610A80ED042A80ED050A7C
:10FBE0007047000090ED000AB0EE001A80ED020AA6
:10FBF000D0ED010A00EE810ADFED030A80EE201A43
:10FC000080ED031A70470000D7B3DD3F90ED000A86
:10FC1000DFED0B0A80ED020A90ED011AB0EE402AEA
:10FC2000F6EE001A11EE202A11EE600A22EE212AC9
:10FC300020EE210A80ED032A80ED040A70470000BF
:10FC4000D7B3DD3F90ED001AD0ED030A90ED010A25
:10FC5000D0ED021A21EE202A00EE612A20EE200AC1
:10FC600001EE210A80ED042A80ED050A704790ED2F
:10FC7000010AD0ED020AB6EE002A20EE201A80ED2D
:10FC8000061AD0ED030AD0ED001A20EE200A61EE2C
:10FC9000821A90ED082AD0ED090A80ED080A32EEAA
:10FCA000002A41EE820AD0ED041A31EE200AF4EE69
:10FCB000C01AF1EE10FA03D2B0EE610A70EE410AFA
:10FCC000D0ED051AF4EEC01AF1EE10FA03DDB0EE35
:10FCD000610A70EE410AC0ED070AC0ED090A80ED25
:10FCE0000A0A70479FED070A80ED010A80ED070AB6
:10FCF00080ED080A80ED090A80ED0A0A80ED060A07
:10FD0000704700000000000010B500290AD00878F4
:10FD1000002807D005487844F1F79EFD002801D05F
:10FD2000002010BD0248784410BD00005A060000B3
:10FD30005206000010B500290AD00878002807D024
:10FD400005487844F1F788FD002801D0002010BD57
:10FD50000248784410BD00004A0600004206000038
:10FD60000808A0F500114FEA3101704743004FEA3F
:10FD7000D30C4FEA3C0C43401FBF40070CF16051CD
:10FD800013F0FE4F70471CF0006F03D100200CF001
:10FD9000004170470CF0004343EA507010B540EA50
:10FDA000CC0000F07BF800BF000000924FEA000199
:10FDB000FFF7D6BF4FF000414FF00000A1F5002142
:10FDC0007047000000EE100A00EE901AB4EE600AD0
:10FDD000F1EE10FA78BF704700F00DB810B5FFF7DC
:10FDE000F1FFEFF3008020F0104038BF40F00040FA
:10FDF00080F3008810BDBDE8104010B500F04EF84B
:10FE00000000000900F007B84FF0404010F1004F2B
:10FE1000EFF300807047401058BFC0F140404910D8
:10FE200058BFC1F140418142EFF30080704700EEBE
:10FE3000100ABDEE401A11EE100A70474FF07E52C4
:10FE400009E011F0004204D54042C1F1000138BF81
:10FE5000491E42F07E520B0002F1706212BF202355
:10FE60005FEA00017047B1FA81FCA3EB0C0301FAD1
:10FE70000CF120FA03FC02EBC352C3F1200341EA68
:10FE80000C0110FA03FC5CEA416C42EB112018BF34
:10FE90005FF0806C28BF20F0010070470EF1020E69
:10FEA0002EF0030E5EF8044B244204D44FEA4102C4
:10FEB000B2F17F4F11D84FEA4003B3F17F4F0CD816
:10FEC0000ED14FEAD07CB2F17F4F0CEB4C0C0CF111
:10FED000020C08BF4CEBD17C04E04FF0080C01E0B1
:10FEE0004FEAD17C0CEB4C0324FA03F404F0070432
:10FEF000B4F1040C06D20EEB840CBDE810404CF0BB
:10FF0000010C6047DFE80CF0070802024FF00040E8
:10FF1000A0F5800010BD0846420018BFD2F18072E3
:10FF200088BF00F0004010BD4FF04070E1EE100AB5
:10FF3000704700004FF07F4C3CEA410318BF3CEA99
:10FF4000400200F062804FF47F0C10F0004F0CEA8A
:10FF5000D11318BF43F005031CEAD01218BF13EAEF
:10FF60000C0F00F057804FF0004C4CEA00204CEA98
:10FF70000121A3F580339A4210DDB0F1004F23F048
:10FF8000020306D3401A43F00203BCBF404283F091
:10FF900001034FEA4000A2F58032ECE74FEA224C21
:10FFA000BCEB234F08DB884206D31CD0A0EB4100FA
:10FFB000C0F1000083F0010340001DD217D40DD022
:10FFC000B0FA80FC0CF1010C00FA0CF0A2EB0C4230
:10FFD000D2F1000C12DB4FEAC37070474FEA437056
:10FFE00000F00040704713F0020FE5D0DEE7B2F5F5
:10FFF00080324FEA4000EBDD002AE9DD4FEAC21211
:020000040801F1
:1000000042EA502040EAC370704710B5FFF746FF40
:10001000EDFFFF3E1CEAD11F02D000F00040704708
:10002000004870470000C07F5FEA400C5FEA1C6C2C
:10003000BCF17F0314D4D3F1170240F31C804FF0BE
:10004000010C0CFA02FCACF101030340B3EB5C02BF
:1000500020EA030008BF10EA0C0F88BF6044704715
:10006000B3F1FF3F28BF5FEA002C00F0004088BFDB
:1000700040F07E507047BCF1FF0FB8BF704710B51D
:10008000FFF70CFF40DBB6BEC2154FEA002318BFD6
:1000900043F0004300F11080D2F1BE0240F228800C
:1000A00023FA02F1B2F1200C2EBF23FA0CF0C2F1B8
:1000B000200C03FA0CF07047B0F15F4F00F218808B
:1000C00012F0FF0208BF23F00043C2F1BE0223FA80
:1000D00002F1B2F1200C2EBF23FA0CF0C2F1200C79
:1000E00003FA0CF04042C1F1000138BF491E7047CD
:1000F00010B5FFF7D3FE00BF9224498000204FF0D7
:10010000000170476FEAE07080F000417047F0F73F
:1001100060BFF1F795B80000010100010001000087
:1001200000000000000001020304060708090000A7
:100130000000000000000000303132333435363723
:10014000383941424344454640305800303132331B
:10015000343536373839616263646566403078001B
:100160000400000800000000000000020001000080
:1001700010000000000000006E83F9A22915444E13
:10018000D15727FCC0DD34F5999562DB4190433CA3
:10019000AB6351FE30313233343536373839616232
:1001A0006364656678700030313233343536373801
:1001B0003941424344454658500000000240000087
:1001C000000000A00000000005400000000000C882
:1001D000000000000C4000000000409C00000000F7
:1001E000194000000020BCBE0000000034400000A8
:1001F000BFC91B8E00000004B5400000504BCFD09B
:100200006607E2CF010000006C4100003E8251AA67
:10021000DFEEA73401000000D9420000DCB5A0E207
:100220003A301F97FFFFFFFFB4450000FD25A0C82F
:10023000E9A3C14FFFFFFFFFFF3F00000000008068
:1002400000000000FF3F00000000008000000000F0
:100250005B43464D5D20636173653D2575206E618E
:100260006D653D257320737761703D257520696E3E
:10027000763D25752069646162733D252E336620C5
:1002800069716176673D252E3366206971657272EA
:100290003D252E33662073703D252E316620706F0C
:1002A000733D256C640000005B5254565D207468F9
:1002B0003D252E31662069643D252E336620697107
:1002C0003D252E33662069753D252E3366206976DF
:1002D0003D252E336620706F733D256C642073704E
:1002E0003D252E31662076713D252E3266000000B8
:1002F0005B464F435D20706F73207374617274208E
:100300007467743D252E3166206C696D3D252E3154
:1003100066206163743D252E3166206572723D252D
:100320002E3166206B703D252E3366206B693D258E
:100330002E3366207666663D252E33662076663D32
:10034000252E3166206D6F64653D25730000000029
:100350009C0401080000002034040000C4010008CF
:100360008C05010834040020FC080100200200086C
:100370001C00000043000000F8FFFFFF0C0000001D
:100380000E0000000F0000002E0000001001000011
:1003900043000000F8FFFFFF004040404040404065
:1003A0004040414141414140404040404040404048
:1003B00040404040404040404005020202020202EC
:1003C000020202020202020202202020202020203B
:1003D000202020020202020202029090909090904F
:1003E000101010101010101010101010101010100D
:1003F0001010101002020202020288888888888881
:10040000080808080808080808080808080808086C
:100410000808080802020202400000000000000074
:1004200000000000000000000000000000000000CC
:1004300000000000000000000000000000000000BC
:1004400000000000000000000000000000000000AC
:10045000000000000000000000000000000000009C
:10046000000000000000000000000000000000008C
:10047000000000000000000000000000000000007C
:10048000000000000000000000000000000000006C
:1004900000000000000000000000000001420352C4
:1004A0004843237A460348FA4505A49A99993E138E
:1004B000E5FB0218080A19B91C0B1445FC1C3A0D7F
:1004C000180328803F1A6F300A9FE53421135DB668
:1004D0001B088D041A99041AB1041AE1041A3D0488
:1004E0001A690417040309041201140202021640D7
:1004F0004C04405726020102030113A12B1B089B49
:10050000041A97041AC50481191B1182109324F44C
:10051000130A0632022A40201C09024347111DC05B
:10052000320904311A020B130524161001052401A7
:10053000100901042402020524061701070582039D
:10054000081C1009047D320A1D07050102432C070F
:100550000581070938442A40072A8107112B09071A
:10056000440A2204440A16FF441319B4140889B338
:100570001B08F508411AC50C1A47041A5B04C11A76
:0C05800001201AF5141A0D08DAE91C001D
:040000050800018965
:00000001FF
